Rank,Institute,Year,SS,FSR,FQE,FRU,PU,QP,IPR,FPPP,GPH,GUE,MS,GPHD,RD,WD,ESCS,PCS,PR
,,,,,,,,,,,,,,,,,,,
1,Indian Institute of Technology Madras,2024,18.5,30,17.29,30,34.95,34.37,14,9.78,29.74,15,19.34,16.98,21.57,14.88,9.4,20,100
,,,,,,,,,,,,,,,,,,,
2,Indian Institute of Technology Delhi,2024,18.5,23.18,15.61,28.41,35,37.63,13,6.56,33.05,13.06,20.93,17.49,24.05,14.07,7.27,20,98.53
,,,,,,,,,,,,,,,,,,,
3,Indian Institute of Technology Bombay,2024,18.5,25.58,16.91,25.36,31.61,32.52,13,7.06,32,13.93,19.99,18.87,19.25,14.89,4.53,20,91.13
,,,,,,,,,,,,,,,,,,,
4,Indian Institute of Technology Kanpur,2024,18.33,28.72,19.45,27.76,28.49,28.87,10,6.72,36.13,15,21.84,16.08,19.94,12.94,7.74,20,84.19
,,,,,,,,,,,,,,,,,,,
5,Indian Institute of Technology Kharagpur,2024,19.76,21.5,14.79,22.17,30.68,34.86,10,3.75,24.3,13.99,20.87,20,21.87,11.93,4.02,20,80.26
,,,,,,,,,,,,,,,,,,,
6,Indian Institute of Technology Roorkee,2024,17.66,23.13,15.28,21.67,30.25,33.2,7,4.25,37.74,15,20.17,14.44,23.72,12.64,5.84,20,65.79
,,,,,,,,,,,,,,,,,,,
7,Indian Institute of Technology Guwahati,2024,18.32,24.57,13.71,20.22,29.8,29.68,3,5.58,32.2,14.94,21.63,15.71,24.79,11.94,2.84,20,55.38
,,,,,,,,,,,,,,,,,,,
8,Indian Institute of Technology Hyderabad,2024,12.41,30,19.49,26.83,25.51,23.82,3,5.18,33.08,15,20.79,9.01,17.52,12.57,5.6,20,65.31
,,,,,,,,,,,,,,,,,,,
9,National Institute of Technology Tiruchirappalli,2024,17.5,19.31,13.02,19.87,25.31,25.66,4.5,1.55,35,15,17.34,11.35,16.71,18.19,8.22,20,68.07
,,,,,,,,,,,,,,,,,,,
10,Indian Institute of Technology (Banaras Hindu University) Varanasi,2024,16.28,18.79,13.13,18.06,24.33,27.64,6,2.19,36.48,14.98,20.43,12.9,17.96,10.7,9.23,20,60.05
,,,,,,,,,,,,,,,,,,,
11,Vellore Institute of Technology,2024,20,22.18,13.86,9.49,27.5,37.24,7,0.2,28.72,15,13.37,12.31,19.47,22.17,0.11,20,49.28
,,,,,,,,,,,,,,,,,,,
12,Jadavpur University,2024,18.5,27.77,17.37,14.6,27.28,27.04,2.5,2.66,33.89,15,15.2,12.46,5.07,18.53,5.29,20,41.13
,,,,,,,,,,,,,,,,,,,
13,S.R.M. Institute of Science and Technology,2024,18.04,30,16.92,13.16,27.61,31.83,9,0.26,30.37,13.92,10.03,10.29,20.88,24.88,1.1,20,17.57
,,,,,,,,,,,,,,,,,,,
14,Anna University,2024,15.94,23.77,13.24,12.99,28.56,31.78,9,1.97,24.72,13.53,11.74,13.43,0.74,24.5,3.43,20,65.97
,,,,,,,,,,,,,,,,,,,
15,Indian Institute of Technology (Indian School of Mines) Dhanbad,2024,15.43,23.35,15.59,19.02,27.4,29.33,2.25,1.93,31.21,12.69,17.86,14.18,20.44,11.62,7.78,20,33.72
,,,,,,,,,,,,,,,,,,,
16,Indian Institute of Technology Indore,2024,10.73,30,18.01,21.05,24.71,24.7,2.25,3.56,30.64,15,20.22,9.96,20.09,14.12,6.46,20,29.9
,,,,,,,,,,,,,,,,,,,
17,National Institute of Technology Karnataka  Surathkal,2024,17.5,20.02,13,24.14,22.15,21.45,2.5,2.93,34.55,15,17.18,11.7,16.94,16.02,9.34,20,52.37
,,,,,,,,,,,,,,,,,,,
18,Indian Institute of Technology Gandhinagar,2024,11.5,30,19.8,27.09,18.13,16.38,2,5.69,30.19,15,17.47,7.66,22.52,18.53,4.52,20,36.08
,,,,,,,,,,,,,,,,,,,
19,National Institute of Technology Rourkela,2024,17.5,24.98,16.27,17.73,26,26.49,2.5,2.01,31.45,15,15.17,11.63,15.69,14.48,9.25,20,27.38
,,,,,,,,,,,,,,,,,,,
20,Birla Institute of Technology and Science Pilani,2024,17.87,23.57,15.49,16.26,23.1,26.09,2.5,0.81,37.35,15,19.62,7.51,21.04,17.09,0.01,20,36.28
,,,,,,,,,,,,,,,,,,,
21,National Institute of Technology Warangal,2024,16.5,24.8,16.34,19.35,22.36,22.65,2.25,0.99,32.93,15,17.84,9.5,14.57,16.39,7.08,20,32.9
,,,,,,,,,,,,,,,,,,,
22,Indian Institute of Technology Ropar,2024,12.41,26.58,16.6,21.72,20.26,19.53,2.5,4.11,32.24,15,19.5,6.85,22.71,14.33,8.1,20,32.06
,,,,,,,,,,,,,,,,,,,
23,Amrita Vishwa Vidyapeetham,2024,16.22,29.05,18.13,14.65,22.18,20.77,4.5,2.13,36.47,15,10.72,3.09,16.05,21.43,5,20,37.03
,,,,,,,,,,,,,,,,,,,
24,Jamia Millia Islamia,2024,10.5,26.42,14.58,14.99,27.74,26.85,1.25,2.92,38.51,15,13.69,8.26,23.37,13.41,10.07,20,19.33
,,,,,,,,,,,,,,,,,,,
25,National Institute of Technology Calicut,2024,16,26.51,16.93,17.92,17.59,16.41,2.5,1.09,38.01,15,15.84,10.62,15.03,23,9.9,20,40.1
,,,,,,,,,,,,,,,,,,,
26,Siksha `O` Anusandhan,2024,17.5,30,16.96,17.62,17.37,19.18,5,0.89,31.46,15,9.88,9.91,22.23,30,1.4,20,30.12
,,,,,,,,,,,,,,,,,,,
27,Delhi Technological University,2024,19,30,11.59,12.5,20.49,21.99,0.75,0.64,37.12,15,17.24,6.81,13.98,18.73,2.86,20,49
,,,,,,,,,,,,,,,,,,,
28,Indian Institute of Technology Jodhpur,2024,12.53,30,18.39,26.13,17.32,17.75,1,4.17,35.43,15,18.27,3.56,19.62,20.45,6.17,20,13.5
,,,,,,,,,,,,,,,,,,,
29,Thapar Institute of Engineering and Technology (Deemed-to-be-university),2024,18.23,23.33,14.21,14.98,21.35,27.76,2,0.58,33.89,15,15.24,9.45,17.22,25.14,1.66,20,24.95
,,,,,,,,,,,,,,,,,,,
30,Amity University,2024,16.47,30,15.91,12.83,25.59,24.28,9,0.65,30.1,15,9.95,6.67,18.04,24.96,0.28,20,8.23
,,,,,,,,,,,,,,,,,,,
31,Indian Institute of Technology Mandi,2024,9.79,26.28,17.75,21.07,18.9,18.29,2.5,2.11,36.32,13.5,21.37,7.85,23.07,19.08,8.36,20,19.9
,,,,,,,,,,,,,,,,,,,
32,Chandigarh University,2024,17.95,30,16.34,11.92,16.24,20.19,9,0.32,28.65,15,12.91,9.65,23.6,30,1.95,20,24.19
,,,,,,,,,,,,,,,,,,,
33,Aligarh Muslim University,2024,11,30,17.68,16.79,26.43,25.97,4.25,2.03,32.73,13.05,11.09,6.24,5.61,12.17,3.45,20,21.83
,,,,,,,,,,,,,,,,,,,
34,Indian Institute of Technology Patna,2024,12.02,20.67,13.68,20.84,22.18,21.15,2.25,3.83,33.92,14.27,20.74,8.8,18.31,9.61,5.08,20,25.69
,,,,,,,,,,,,,,,,,,,
35,Koneru Lakshmaiah Education Foundation University (K L College of Engineering),2024,17.47,30,17.63,9.75,20.77,20.39,6,0.36,28.63,15,12.06,9.72,15.28,29.67,1.36,20,18.17
,,,,,,,,,,,,,,,,,,,
36,Kalasalingam Academy of Research and Education,2024,16.48,30,18.58,13.62,15.35,17.92,5,0.53,36.27,15,11.07,9.22,19.04,30,7.09,20,10.42
,,,,,,,,,,,,,,,,,,,
37,Kalinga Institute of Industrial Technology,2024,20,26.6,16.79,14.67,15.88,18.47,8,0.64,23.59,15,11.63,11.82,26.01,29.96,0.33,20,16.36
,,,,,,,,,,,,,,,,,,,
38,Shanmugha Arts Science Technology and Research Academy,2024,16.32,30,17.95,14.15,15.47,19.27,2.25,2.31,34.86,15,12.57,9.67,14.25,28.22,4.74,20,15.11
,,,,,,,,,,,,,,,,,,,
39,Visvesvaraya National Institute of Technology Nagpur,2024,13.94,26.24,17.47,17.07,17.56,16.91,6.5,2.39,35.49,15,15.62,7.79,11.95,20.22,3.45,20,21.28
,,,,,,,,,,,,,,,,,,,
40,National Institute of Technology Silchar,2024,14.35,22.14,14.98,15.66,24.45,23.65,4.5,1.22,33.97,15,15.91,8.18,13.18,16.15,7.53,20,10.06
,,,,,,,,,,,,,,,,,,,
41,Institute of Chemical Technology,2024,10.37,24.3,16.66,19.9,18.07,19.7,7,4.31,29.64,15,13.06,9.04,6.66,24.13,3.4,20,20.74
,,,,,,,,,,,,,,,,,,,
42,UPES,2024,15.5,26.03,15.61,15.98,22.92,24.99,4,0.28,24.87,15,10.64,0.6,20.83,21.8,0.08,20,25.69
,,,,,,,,,,,,,,,,,,,
43,Malaviya National Institute of Technology,2024,14.97,23.94,15.75,14.59,22.8,22.92,1.25,1.7,31.3,15,14.89,8.23,12.68,19.53,7.55,20,11.12
,,,,,,,,,,,,,,,,,,,
44,National Institute of Technology Durgapur,2024,14.09,23.65,16.12,16.56,18.45,17.92,0.75,1.59,38.71,15,14.89,9.45,14.74,14.44,9.8,20,20.18
,,,,,,,,,,,,,,,,,,,
45,National Institute of Technology Delhi,2024,7.96,30,19.59,19.64,14.91,13.8,0.5,0.96,32.6,15,17.27,2.76,20.57,25.11,11.86,20,21.83
,,,,,,,,,,,,,,,,,,,
46,Sri Sivasubramaniya Nadar College of Engineering,2024,13.5,26.94,15.12,14.37,20.29,19.28,1,0.75,35.06,15,12.57,6.71,4.12,25.67,7.31,20,20.46
,,,,,,,,,,,,,,,,,,,
47,International Institute of Information Technology Hyderabad,2024,9.33,22.86,15.64,17.63,18.7,16.32,1.5,4.37,27.16,12.03,25,2.71,20.96,19.48,2.7,20,26.9
,,,,,,,,,,,,,,,,,,,
48,Birla Institute of Technology,2024,13.49,29.9,17.05,15.49,18.69,18.23,1.25,1.04,27.47,14.72,14.88,5.43,11.99,19.05,1.41,20,19.04
,,,,,,,,,,,,,,,,,,,
49,Indian Institute of Engineering Science and Technology Shibpur,2024,12.26,21.69,13.92,16.14,19.27,18.03,1.25,1.07,34.06,14.31,13.21,10.69,11.12,16.16,7.18,20,31.85
,,,,,,,,,,,,,,,,,,,
50,Lovely Professional University,2024,18,21.78,12.22,7.41,16.53,23.41,13,0.08,26.55,15,11.47,4.75,24.81,19.39,2.9,20,21.83
,,,,,,,,,,,,,,,,,,,
51,Indian Institute of Space Science and Technology,2024,8.95,30,16.44,22.43,11.54,10.06,1,0.92,33.23,14.07,15.87,3.72,18.49,17.97,4.63,20,32.27
,,,,,,,,,,,,,,,,,,,
52,Graphic Era University,2024,12.7,26.11,14.25,13.33,17.13,17.69,8,0.59,22.76,14.59,11.31,3.09,17.99,27.14,0.44,20,30.99
,,,,,,,,,,,,,,,,,,,
53,Saveetha Institute of Medical and Technical Sciences,2024,13.18,28.45,19.47,9.64,27.22,27.58,5,0.2,10.58,14.42,8.61,2.06,15.86,23.64,4.63,20,0.9
,,,,,,,,,,,,,,,,,,,
54,Indian Institute of Technology Bhubaneswar,2024,11.15,16.88,11.74,18.84,16.03,16.83,0.75,2.27,34.76,15,18.56,6.64,21.86,9.87,6.62,20,33.72
,,,,,,,,,,,,,,,,,,,
55,National Institute of Technology Patna,2024,12.35,20.29,13.73,14.54,20.08,21.08,1.5,1.21,37.86,15,14.34,6.95,10.1,11.45,8.25,20,10.42
,,,,,,,,,,,,,,,,,,,
56,Manipal Institute of Technology,2024,15.12,27.16,14.39,10.92,16.35,19.98,1,0.12,24.46,15,13.33,4.79,18.02,21.07,1.14,20,30.56
,,,,,,,,,,,,,,,,,,,
57,Netaji Subhas University of Technology (NSUT),2024,15.04,29.13,15.34,12.13,10.92,13.53,1,0.35,33.87,15,18.85,7.22,9.57,19.21,0.98,20,23.16
,,,,,,,,,,,,,,,,,,,
58,Dr. B R Ambedkar National Institute of Technology Jalandhar,2024,14.1,27.63,13.33,12.1,16.39,18.7,2,0.27,26.39,13.52,13.66,6.57,12.47,20.37,7.37,20,16.97
,,,,,,,,,,,,,,,,,,,
59,Sardar Vallabhbhai National Institute of Technology,2024,12.96,21.27,13.88,14.91,18.32,18,2.25,1.05,31.87,14.6,13.66,6.88,11.81,18.64,4.43,20,13.5
,,,,,,,,,,,,,,,,,,,
60,Motilal Nehru National Institute of Technology,2024,16.01,15.21,10.56,16.74,16.55,17.13,1.5,1.4,34.91,15,17.22,7.94,13.08,11.45,8.41,20,18.17
,,,,,,,,,,,,,,,,,,,
61,Indian Institute of Technology Tirupati,2024,8.32,30,17.4,23.35,8.01,9.6,0.5,2.6,32.7,13.77,17.01,0.6,14.63,10.91,7.56,20,25.2
,,,,,,,,,,,,,,,,,,,
62,Indian Institute of Technology Jammu,2024,7.98,29.89,17.91,23.66,11.38,12.6,0,3.29,26.2,14.5,17.86,1.43,20.11,9.25,3.51,20,12.16
,,,,,,,,,,,,,,,,,,,
63,Defence Institute of Advanced Technology,2024,4.86,30,18.15,21.08,13.89,13.45,1,7.09,22.86,10.95,20.67,2.42,13.66,22.93,0,20,4.73
,,,,,,,,,,,,,,,,,,,
64,Indian Institute of Technology Palakkad,2024,7.17,30,16.52,21.19,9.1,8.79,0.5,2.99,30.26,15,16.55,1.1,19.03,20.78,5.63,20,22.36
,,,,,,,,,,,,,,,,,,,
65,Manipal University Jaipur,2024,14.67,29.39,16.48,10.01,14.79,16.28,6,0.4,25.03,15,11.24,1.16,22.52,26.16,0.09,20,4.73
,,,,,,,,,,,,,,,,,,,
66,Sathyabama Institute of Science and Technology,2024,16.53,26.04,14.11,10.06,16.77,16.85,4,0.56,22.69,13.33,9.15,6.17,22.74,27.08,0.52,20,12.83
,,,,,,,,,,,,,,,,,,,
67,PSG College of Technology,2024,14.62,28.89,14.8,9.88,10.12,11.93,2.25,0.26,30.04,15,11.63,3.31,0.94,23.95,1.88,20,54.15
,,,,,,,,,,,,,,,,,,,
68,National Institute of Technology Meghalaya,2024,6.64,29.59,17.9,17.79,15.88,13.56,0.5,2.15,30.49,12.9,14.13,3.36,11.02,18.73,11.14,20,3.49
,,,,,,,,,,,,,,,,,,,
69,Visvesvaraya Technological University,2024,7.27,20.17,11.25,22.58,24.88,19.73,2.5,0.94,31.45,14.78,9.25,2.71,0.06,25.26,1.29,20,7.1
,,,,,,,,,,,,,,,,,,,
70,University of Hyderabad,2024,4.9,28.81,18.26,13.93,26.04,21.53,0.5,2.66,18.22,8.41,12.18,5.94,7.56,19.32,0,20,6.72
,,,,,,,,,,,,,,,,,,,
71,National Institute of Technology Raipur,2024,13.94,19.01,12.76,12.12,18.69,19.36,2.25,0.5,29.05,15,14.17,7.76,11.92,16.48,8.56,20,3.91
,,,,,,,,,,,,,,,,,,,
72,Maulana Azad National Institute of Technology,2024,15.01,17.58,12.32,12.84,14.61,16.54,2.25,0.81,33.93,15,16,5.34,12.28,18.45,9.89,20,11.47
,,,,,,,,,,,,,,,,,,,
73,Indian Institute of Technology Bhilai,2024,6.36,29.97,17.45,22.94,6.65,7.74,0,5.54,32.6,15,17.43,0.67,22.56,9.22,7.42,20,7.48
,,,,,,,,,,,,,,,,,,,
74,International Institute of Information Technology Bangalore,2024,8.43,19.13,12.08,26.85,8.97,5.67,0.5,7.77,29.44,15,22.68,1.3,23.28,15.65,0,20,22.1
,,,,,,,,,,,,,,,,,,,
75,M. S. Ramaiah Institute of Technology,2024,14.4,27.13,14.99,11.44,10.98,10.98,3,0.3,33.63,15,12.06,1.94,9.15,24.86,1.99,20,22.36
,,,,,,,,,,,,,,,,,,,
76,Sant Longowal Institute of Engineering and Technology,2024,10,30,15.75,23,11.01,13.84,0.5,0.1,23.07,14.63,8.57,3.09,23.84,19.16,2.02,20,5.93
,,,,,,,,,,,,,,,,,,,
77,COEP Technological University,2024,11.5,23.09,11.55,18.82,9.25,7.65,2,2.59,35.21,15,14.6,2.42,2.48,23.84,5.29,20,33.51
,,,,,,,,,,,,,,,,,,,
78,Banasthali Vidyapith,2024,10.68,26.54,16.03,11.54,8.3,11.04,1,0.65,37.91,15,12.93,7.82,17.77,30,4.39,20,1.78
,,,,,,,,,,,,,,,,,,,
79,National Institute of Technology Srinagar,2024,12.79,19.55,12.92,17.34,13.52,14.35,1.25,1.07,30.93,15,14.02,7.22,12.35,15.62,10.64,20,6.33
,,,,,,,,,,,,,,,,,,,
80,Rajiv Gandhi Institute of Petroleum Technology,2024,8,30,17.29,22.26,3.78,8.03,0.5,1.95,37.47,15,13.69,2.93,18.73,18.38,2.67,20,0.9
,,,,,,,,,,,,,,,,,,,
81,National Institute of Technology Kurukshetra,2024,14.63,12.63,7.85,14.78,15.72,18.72,2.5,0.82,30.43,15,15.55,4.88,13.94,11.45,7.24,20,20.74
,,,,,,,,,,,,,,,,,,,
82,National Institute of Technology Agartala,2024,12.59,18.79,12.22,19.96,11.34,13.31,0.75,0.21,33.25,14.2,12.71,5.43,12.06,18.54,8.25,20,9.34
,,,,,,,,,,,,,,,,,,,
83,Sri Krishna College of Engineering and Technology,2024,13.5,26.73,12.49,13.32,9.92,10.38,3,0.2,37.42,15,10.84,0.6,1.43,22.88,3.38,20,21.28
,,,,,,,,,,,,,,,,,,,
84,Madan Mohan Malaviya University of Technology,2024,13.22,30,19.26,10.63,9.44,10.92,0.25,0.8,23.32,15,11.42,3.86,11.43,27.87,10.28,20,3.49
,,,,,,,,,,,,,,,,,,,
85,Indraprastha Institute of Information Technology,2024,11.7,15.88,11.03,15.69,14.81,13.44,0.25,3.16,33.03,15,19.67,4.01,11.68,12.41,0.25,20,17.57
,,,,,,,,,,,,,,,,,,,
86,Vel Tech Rangarajan Dr. Sagunthala R & D Institute of Science and Technology,2024,15.13,26.99,14.21,5.47,14.7,16.06,6,0.22,21.19,14.11,8.53,1.03,22.26,20.19,6.69,20,7.1
,,,,,,,,,,,,,,,,,,,
87,Indian Institute of Information Technology Allahabad,2024,10.54,14.68,10.11,11.64,11.46,11.67,1,0.81,36.51,15,23.63,5.47,18.83,12.18,3.41,20,27.14
,,,,,,,,,,,,,,,,,,,
88,Jawaharlal Nehru Technological University,2024,14.5,22.45,11.8,18.62,10.03,11.11,0.25,2.3,29.62,14.35,10.55,2.48,4.2,25.79,6.49,20,14.15
,,,,,,,,,,,,,,,,,,,
89,Guru Gobind Singh Indraprastha University,2024,11,22.28,12.62,11.92,14.77,13.94,0.5,0.97,29.39,15,13.89,4.25,8.73,22.23,1.18,20,15.43
,,,,,,,,,,,,,,,,,,,
90,AU College of Engineering Visakhapatnam,2024,11.49,26.36,13.53,19.43,4.18,5.57,1,1.58,30.79,15,11.39,8.71,10.74,30,7.77,20,6.33
,,,,,,,,,,,,,,,,,,,
91,Vignan's Foundation for Science  Technology and Research,2024,14.65,30,15.6,6.63,8.35,10.87,3,0.35,24.64,15,10.39,4.52,11.07,26.89,6.41,20,12.49
,,,,,,,,,,,,,,,,,,,
92,Shoolini University of Biotechnology and Management Sciences,2024,9.04,25.2,15.46,5.01,18.17,21.68,2.5,0.18,19.28,14.74,8.44,3.36,15.53,30,0.35,20,4.73
,,,,,,,,,,,,,,,,,,,
93,Christ University,2024,8.26,26.46,15.66,10.61,17.85,16.99,4,0.06,12.57,11.18,9.84,0.82,16.74,21.63,3.16,20,20.18
,,,,,,,,,,,,,,,,,,,
94,Chitkara University,2024,15.47,15.69,9.62,11.82,14.01,17.16,5,0.03,21.32,15,12.02,3.2,19.52,24.35,1.04,20,13.82
,,,,,,,,,,,,,,,,,,,
95,Jain University Bangalore,2024,13.23,28.02,14.98,8.85,11.06,15.56,5,0.54,16.95,12.11,10.96,4.06,15.89,23.27,2.04,20,5.13
,,,,,,,,,,,,,,,,,,,
96,C.V. Raman Global University Odisha,2024,15.38,30,17.16,13.66,0.82,2.66,1,0.36,31.5,15,10.17,0.82,18.11,30,6.11,20,13.17
,,,,,,,,,,,,,,,,,,,
97,National Institute of Technology Puducherry,2024,8.97,22.95,15.39,14.47,8.56,10.83,2,0.59,27.72,15,13.32,2.12,15.19,19.65,11.75,20,9.7
,,,,,,,,,,,,,,,,,,,
98,SR University,2024,13.97,30,18.07,9.08,5.91,8.25,2.5,0.02,29.07,15,8.63,0.6,7.21,29.78,6.6,20,9.34
,,,,,,,,,,,,,,,,,,,
99,R.V. College of Engineering,2024,14,27.03,15.37,11.14,7.34,6.76,2.25,0.31,28.39,15,14.29,1.3,6.94,22.74,2.46,20,19.9
,,,,,,,,,,,,,,,,,,,
100,Siddaganga Institute of Technology,2024,12.42,30,14.78,9.49,6.31,8.09,0.5,0.41,33.23,14.95,12.36,1.23,6.06,28.02,5.73,20,10.06
,,,,,,,,,,,,,,,,,,,
Rank,Institute,Year,SS,FSR,FQE,FRU,PU,QP,IPR,FPPP,GPH,GUE,MS,GPHD,RD,WD,ESCS,PCS,PR
,,,,,,,,,,,,,,,,,,,
1,Indian Institute of Technology Madras,2023,18.5,30,17.3,29.4,35,36.41,15,10,28.54,14.6,20,16.75,21.29,14.11,7.86,20,100
,,,,,,,,,,,,,,,,,,,
2,Indian Institute of Technology Delhi,2023,18.43,26.2,17.05,23.21,34.09,38.72,15,6.94,33.59,13.5,21.18,16.73,22.94,16.65,8.33,20,94.07
,,,,,,,,,,,,,,,,,,,
3,Indian Institute of Technology Bombay,2023,18.5,24,16.09,20.53,31.5,34.4,15,7.04,31.34,13.89,19.5,17.2,19.03,13.46,4.41,20,85.36
,,,,,,,,,,,,,,,,,,,
4,Indian Institute of Technology Kanpur,2023,18.5,25.29,17.36,23.2,28.45,30.39,14,7.32,36.04,15,21.93,16.02,19.94,11.35,7.53,20,76.15
,,,,,,,,,,,,,,,,,,,
5,Indian Institute of Technology Roorkee,2023,17.61,23.7,15.5,17.74,29.63,34.04,10,4.68,37.59,15,20.78,15.54,23.08,11.96,5.38,20,59.37
,,,,,,,,,,,,,,,,,,,
6,Indian Institute of Technology Kharagpur,2023,18.45,20.07,14.03,14.71,30.59,37.26,8,2.44,31.21,13.14,20.33,20,19.62,10.55,5.88,20,75.51
,,,,,,,,,,,,,,,,,,,
7,Indian Institute of Technology Guwahati,2023,18.5,20.99,12.01,16.2,28.74,30.97,10,5.29,32.31,15,22.09,15.61,22.6,11.4,0.95,20,50.09
,,,,,,,,,,,,,,,,,,,
8,Indian Institute of Technology Hyderabad,2023,12.65,30,18.32,22.89,24.53,24.25,7,5.35,31.37,15,21.12,8.43,17.08,15.41,3.46,20,60.04
,,,,,,,,,,,,,,,,,,,
9,National Institute of Technology Tiruchirappalli,2023,17.5,23.39,15.86,16.99,25.69,27.48,6,2.28,35.23,15,17.02,11.57,16.68,20.76,8.41,20,67.98
,,,,,,,,,,,,,,,,,,,
10,Jadavpur University,2023,17.35,29.25,18.97,11.32,27.98,29.01,6,2.91,33.67,15,15.95,12.06,6.54,18.03,8.24,20,35.84
,,,,,,,,,,,,,,,,,,,
11,Vellore Institute of Technology,2023,20,21.54,13.65,7.16,26.96,37.21,11,0.24,27.9,15,13.38,14.11,19.65,21.86,0.12,20,50.21
,,,,,,,,,,,,,,,,,,,
12,National Institute of Technology Karnataka  Surathkal,2023,17.5,22.17,14.23,18.9,23.14,23.44,6,3.51,33.87,15,16.87,11.49,16.65,16.32,9.99,20,48.38
,,,,,,,,,,,,,,,,,,,
13,Anna University,2023,17.59,23.2,13.15,9.98,27.4,32.94,12,2.14,21.6,14.37,11.72,12.25,0.59,25.29,4.14,20,65.5
,,,,,,,,,,,,,,,,,,,
14,Indian Institute of Technology Indore,2023,10.88,29.99,17.79,17.23,25.55,26.3,5,4.04,27.17,15,20.37,9.84,19.96,13.81,5.76,20,24.73
,,,,,,,,,,,,,,,,,,,
15,Indian Institute of Technology (Banaras Hindu University) Varanasi,2023,16.8,17.7,12.35,14.27,23.48,27.98,6,2.56,35.44,15,20.27,11.51,16.77,10.22,9.17,20,53.31
,,,,,,,,,,,,,,,,,,,
16,National Institute of Technology Rourkela,2023,17.5,25.7,17.05,13.71,25.91,27.98,6,1.81,30.41,15,14.52,11.61,15.95,14.41,8.69,20,18.85
,,,,,,,,,,,,,,,,,,,
17,Indian Institute of Technology (Indian School of Mines) Dhanbad,2023,15,21.48,14.7,15.19,26.91,30.33,4,2.35,31.15,12.64,17.91,11.22,19.16,10.32,7.76,20,30.85
,,,,,,,,,,,,,,,,,,,
18,Indian Institute of Technology Gandhinagar,2023,10,30,19.48,23.32,18.05,16.61,2,6.19,29.68,14.57,16.71,7.91,21.18,20.24,4.71,20,35.84
,,,,,,,,,,,,,,,,,,,
19,Amrita Vishwa Vidyapeetham,2023,18,30,18.21,10.22,23.06,21.55,8,1.94,34.36,15,10.21,2.28,17.66,21.95,5.44,20,33.77
,,,,,,,,,,,,,,,,,,,
20,Thapar Institute of Engineering and Technology (Deemed-to-be-university),2023,17.16,26.57,15.41,11.81,21.75,30.02,9,0.69,31.32,15,15,9.28,17.31,24.97,0.79,20,10.79
,,,,,,,,,,,,,,,,,,,
21,National Institute of Technology Warangal,2023,16.5,24.79,16.34,14.95,20.81,21.81,7,1.23,32.81,15,17.42,9.18,15.94,16.52,4.73,20,34.99
,,,,,,,,,,,,,,,,,,,
22,Indian Institute of Technology Ropar,2023,11.05,28.28,18.13,19.81,17.96,18.73,4,3.84,31.57,15,18.96,5.54,22.29,14.74,7.91,20,32.7
,,,,,,,,,,,,,,,,,,,
23,National Institute of Technology Calicut,2023,16,27.3,17.41,13.33,17.11,17.44,5,1.27,37.17,15,16.24,10.21,15.32,22.89,9.76,20,33.06
,,,,,,,,,,,,,,,,,,,
24,Institute of Chemical Technology,2023,10.82,26.74,18.02,17.36,17.54,19.84,14,4.93,30.76,15,13.54,9.7,7.65,24.91,1.1,20,17.57
,,,,,,,,,,,,,,,,,,,
25,Birla Institute of Technology and Science Pilani,2023,18.84,20.2,13.36,11.77,21.38,26.68,4,0.81,36.98,15,19.66,6.76,19.93,14.43,0.02,20,32.88
,,,,,,,,,,,,,,,,,,,
26,Jamia Millia Islamia,2023,10.5,26.85,14.78,9.77,26.86,26.71,3,3.03,37.84,15,13.02,7.35,22.91,11.78,9.16,20,18.34
,,,,,,,,,,,,,,,,,,,
27,Siksha `O` Anusandhan,2023,17.36,30,15.42,13.74,16.01,19.12,8,1,32.61,15,9.54,8.31,20.88,30,1.3,20,24.07
,,,,,,,,,,,,,,,,,,,
28,S.R.M. Institute of Science and Technology,2023,17.55,23.15,13.16,9.93,24.14,29.73,6,0.31,32.83,14.81,9.54,7.82,18.31,22.49,0.8,20,22.01
,,,,,,,,,,,,,,,,,,,
29,Delhi Technological University,2023,18.9,30,11.96,9.57,18.33,21.47,0.5,0.83,36.74,15,17.44,5.09,14.24,19.6,3.19,20,43.22
,,,,,,,,,,,,,,,,,,,
30,Indian Institute of Technology Jodhpur,2023,11.04,30,18.58,21.34,15.51,16.58,1.5,4.64,35.69,15,18.42,3.97,19.01,20.42,5.42,20,11.7
,,,,,,,,,,,,,,,,,,,
31,Amity University,2023,15.5,27.54,14.73,8.52,24.9,24.96,11,0.61,27.37,15,10.18,5.73,15.99,23.28,0.16,20,13.75
,,,,,,,,,,,,,,,,,,,
32,Aligarh Muslim University,2023,11,30,16.17,12.9,24.95,25.86,7,2.03,29.42,12.61,11.43,5.66,5.38,11.59,3.23,20,24.51
,,,,,,,,,,,,,,,,,,,
33,Indian Institute of Technology Mandi,2023,9.24,22.26,15.21,15.92,17.72,18.13,4,2.62,37.04,13.57,21.25,7.45,20.74,16.29,9.31,20,24.73
,,,,,,,,,,,,,,,,,,,
34,Shanmugha Arts Science Technology and Research Academy,2023,16.47,30,16.75,10.82,16.25,20.99,5,1.9,34.85,15,12.41,6.82,11.72,25.81,0.44,20,11.4
,,,,,,,,,,,,,,,,,,,
35,Indian Institute of Engineering Science and Technology Shibpur,2023,13.44,22.64,14.55,12.83,20.81,20.29,3,1.58,32.35,14.88,13.52,10.72,11.94,17.14,9.83,20,31.97
,,,,,,,,,,,,,,,,,,,
36,Kalasalingam Academy of Research and Education,2023,16.47,30,17.59,10.07,13.85,17.78,4,0.6,34.88,15,10.62,8,17.53,30,7.8,20,13.46
,,,,,,,,,,,,,,,,,,,
37,Malaviya National Institute of Technology,2023,15.25,23.51,15.72,11.22,21.18,23.22,5,1.86,29.41,15,14.4,8.08,12.94,19.12,7.5,20,11.7
,,,,,,,,,,,,,,,,,,,
38,Chandigarh University,2023,18.95,30,16.64,10.11,8.41,13.28,9,0.35,23.69,15,12.56,7.94,25,30,4.56,20,33.77
,,,,,,,,,,,,,,,,,,,
39,Kalinga Institute of Industrial Technology,2023,20,25.27,15.82,11.51,13.84,18.03,10,0.46,20.69,15,11.15,10.44,25.66,29.86,1.86,20,14.59
,,,,,,,,,,,,,,,,,,,
40,National Institute of Technology Silchar,2023,13.34,21.04,14.23,12.25,22.65,23.74,7,1.19,33.26,15,14.72,6.79,14,15.33,4.02,20,11.4
,,,,,,,,,,,,,,,,,,,
41,Indian Institute of Technology Patna,2023,10.99,17.84,11.84,16.27,22.35,22.3,3,3.75,30.46,13.68,19.77,8.34,18.76,10.37,7.02,20,24.73
,,,,,,,,,,,,,,,,,,,
42,Visvesvaraya National Institute of Technology Nagpur,2023,14.04,22.45,15.13,13.51,17.12,17.29,10,2.62,35.07,15,15.58,7.12,12.63,17.29,3.48,20,14.88
,,,,,,,,,,,,,,,,,,,
43,National Institute of Technology Durgapur,2023,14.42,22.14,14.27,13.11,18.64,19.06,2,1.62,35.84,15,13.99,9.38,14.54,13.1,8.16,20,19.1
,,,,,,,,,,,,,,,,,,,
44,Koneru Lakshmaiah Education Foundation University (K L College of Engineering),2023,17.43,30,17.2,6.3,19.9,19.87,6,0.37,24.27,15,11.36,7.29,10.15,25.8,0.48,20,13.46
,,,,,,,,,,,,,,,,,,,
45,Sri Sivasubramaniya Nadar College of Engineering,2023,12.5,28.32,16.13,10.73,18.75,18.42,3,0.91,33.47,15,12.25,6.22,3.89,25.52,3.81,20,15.43
,,,,,,,,,,,,,,,,,,,
46,Dr. B R Ambedkar National Institute of Technology Jalandhar,2023,15.59,29.21,13.96,9.23,14.88,18.38,3,0.5,25.83,15,13.59,6.44,14.24,25.14,8.38,20,24.73
,,,,,,,,,,,,,,,,,,,
47,Indian Institute of Technology Bhubaneswar,2023,10.95,20.18,13.92,15.3,15.66,16.86,2,2.82,33.73,15,19.01,6.41,21.19,10,6.48,20,24.95
,,,,,,,,,,,,,,,,,,,
48,Indian Institute of Space Science and Technology,2023,7.19,30,16.85,19.03,11.1,10.45,2,0.89,30.33,13.86,16.27,2.95,19.62,17.72,4.38,20,39.39
,,,,,,,,,,,,,,,,,,,
49,Motilal Nehru National Institute of Technology,2023,16.01,16.61,11.34,13.18,16.27,18.2,4,1.9,36.73,15,16.84,9,12.93,12.04,9.82,20,16.51
,,,,,,,,,,,,,,,,,,,
50,Lovely Professional University,2023,18,23.53,12.72,5.39,14.69,21.73,13,0.1,20.21,15,11.19,2.79,24.43,19.08,0,20,25.39
,,,,,,,,,,,,,,,,,,,
51,National Institute of Technology Delhi,2023,6.79,30,17.95,13.72,13.96,13.61,1.5,0.77,29.74,15,16.62,2.22,18.88,22.52,11.01,20,19.6
,,,,,,,,,,,,,,,,,,,
52,Visvesvaraya Technological University,2023,7.11,26.64,13.59,18.6,26.29,20.26,3,0.42,28.1,14.61,8.72,1.22,0.36,28.02,3.56,20,8.91
,,,,,,,,,,,,,,,,,,,
53,Birla Institute of Technology,2023,12.52,27.61,16.44,11.19,17.8,17.36,0.5,1.35,25.77,13.74,15.13,4.92,11.49,18.9,1.01,20,22.01
,,,,,,,,,,,,,,,,,,,
54,UPES,2023,14.5,26.42,15.52,11.01,15.07,18.07,6,0.31,20.32,15,10.23,0.52,21.31,21.36,0.07,20,30.66
,,,,,,,,,,,,,,,,,,,
55,International Institute of Information Technology Hyderabad,2023,9.5,20.58,14.25,12.24,17.02,17.15,3,3.44,25.64,12.02,25,2.34,21.3,16.64,0.43,20,23.4
,,,,,,,,,,,,,,,,,,,
56,National Institute of Technology Patna,2023,12.86,22.14,14.85,11.64,17.22,19.39,1.5,1.65,35.4,15,14.14,5.73,9.98,12.27,10.03,20,4.87
,,,,,,,,,,,,,,,,,,,
57,Defence Institute of Advanced Technology,2023,5,29.46,18.12,16.45,15.06,15.41,5,6.3,20.74,9.87,20.82,2.62,14.14,24.02,0,20,2.69
,,,,,,,,,,,,,,,,,,,
58,National Institute of Technology Kurukshetra,2023,15.11,17.78,10.16,11.9,17.42,19.92,3,0.86,29.09,15,12.25,4.21,14.59,16.08,3.46,20,35.17
,,,,,,,,,,,,,,,,,,,
59,Indian Institute of Technology Tirupati,2023,9.32,30,17.17,19,6.54,8.8,0.5,2.65,30.88,15,16.45,0.38,16.22,12.23,9.7,20,32.52
,,,,,,,,,,,,,,,,,,,
60,Netaji Subhas University of Technology (NSUT),2023,16.21,28.53,15.35,8.87,9.14,12.42,1.5,0.39,34.73,15,18.8,7.03,5.24,18.66,2.36,20,22.25
,,,,,,,,,,,,,,,,,,,
61,Manipal Institute of Technology,2023,16.34,27.77,13.86,7.77,14.76,18.76,2,0.13,21.84,15,13.34,3.83,19.03,21.71,1.51,20,21.78
,,,,,,,,,,,,,,,,,,,
62,Graphic Era University,2023,14,25.4,14.15,10.55,9.58,12.29,10,0.26,24.51,15,11.18,3.06,19.92,28.19,0.43,20,31.23
,,,,,,,,,,,,,,,,,,,
63,PSG College of Technology,2023,14.71,28.01,13.97,7.81,10.31,13.18,6,0.49,26.07,14.52,11.25,3.06,1.04,24.05,2.12,20,53.86
,,,,,,,,,,,,,,,,,,,
64,Saveetha Institute of Medical and Technical Sciences,2023,15.5,28.73,19.38,7.77,18.01,19.73,8,0.28,9.75,15,8.96,1.15,20.24,22.93,6.17,20,1.94
,,,,,,,,,,,,,,,,,,,
65,Sardar Vallabhbhai National Institute of Technology,2023,14.05,19.62,13.22,10.9,16.67,18.18,5,1.09,31.08,14.74,13.82,6.37,12.14,15.85,3.58,20,10.17
,,,,,,,,,,,,,,,,,,,
66,Sathyabama Institute of Science and Technology,2023,15.46,25.28,13.13,7.17,16.99,18.53,8,0.52,19.11,13.64,9.3,5.46,18.34,26.13,2.28,20,11.7
,,,,,,,,,,,,,,,,,,,
67,Indian Institute of Technology Jammu,2023,8.08,30,16.94,19.6,7.73,10.46,0,3.33,25.38,14.52,17.2,0.23,19.91,11.3,5.35,20,22.01
,,,,,,,,,,,,,,,,,,,
68,Banasthali Vidyapith,2023,11.49,27.77,16.58,8.58,7.86,10.59,2,0.81,36.89,15,12.41,8.23,18.55,30,4.49,20,4.16
,,,,,,,,,,,,,,,,,,,
69,Indian Institute of Technology Palakkad,2023,7.56,30,16.47,17.94,6.78,7.86,0,2.86,29.88,15,16.15,0.15,19.94,21.24,4.79,20,21.78
,,,,,,,,,,,,,,,,,,,
70,National Institute of Technology Raipur,2023,14.08,19.33,12.8,9.39,17.92,19.4,2.5,0.54,28.07,15,14.59,6.69,11.92,15.48,8.41,20,4.51
,,,,,,,,,,,,,,,,,,,
71,University of Hyderabad,2023,2.89,27.2,17.77,11.5,23.58,21.05,0,1.29,24.62,11.23,12.79,5.7,5.53,17.67,0,20,7.27
,,,,,,,,,,,,,,,,,,,
72,National Institute of Technology Meghalaya,2023,5.81,30,18.37,13.38,14.73,13.62,1,2.02,29.07,13.1,13.33,2.16,9.13,16.9,9.37,20,5.22
,,,,,,,,,,,,,,,,,,,
73,College of Engineering Pune,2023,11.5,26.88,13.35,13.77,8.12,7.1,5,2.4,35.25,15,14.9,1.73,2.13,23.99,5.5,20,19.1
,,,,,,,,,,,,,,,,,,,
74,International Institute of Information Technology Bangalore,2023,6.16,21.96,13.08,26.04,7.92,4.68,1,7.27,24.11,14.92,23.16,0.88,21.77,16.84,0,20,16.78
,,,,,,,,,,,,,,,,,,,
75,Indraprastha Institute of Information Technology,2023,11.42,16.85,11.48,12.24,16.35,16,1,3.33,31.51,15,20,3.38,10.56,16.1,0.67,20,12.59
,,,,,,,,,,,,,,,,,,,
76,Manipal University Jaipur,2023,12.97,23.44,13.86,8.3,11.92,14.18,7,0.19,34.05,15,11.38,0.81,20.94,22.38,0.19,20,2.32
,,,,,,,,,,,,,,,,,,,
77,Sri Krishna College of Engineering and Technology,2023,11.89,27.88,13.38,10.52,8.29,9.99,6,0.27,37.29,15,11.07,0.74,1.06,25.72,3.17,20,17.57
,,,,,,,,,,,,,,,,,,,
78,M. S. Ramaiah Institute of Technology,2023,13.75,28.34,15.27,8.43,7.6,9.35,5,0.35,33.3,15,11.65,1.98,8.74,25.19,1.73,20,15.97
,,,,,,,,,,,,,,,,,,,
79,Rajiv Gandhi Institute of Petroleum Technology,2023,8,29.47,18.57,20.64,3.02,7.11,0,2.43,37.12,15,13.87,2.51,18.19,13.02,3.36,20,0.4
,,,,,,,,,,,,,,,,,,,
80,Maulana Azad National Institute of Technology,2023,15.45,17.51,11.92,9.15,13.16,15.85,3,0.75,31.66,15,15.3,3.83,12.52,18.14,10.01,20,6.26
,,,,,,,,,,,,,,,,,,,
81,Indian Institute of Technology Bhilai,2023,6.59,30,16.83,19.67,4.72,6.11,0,2.71,32.56,15,17.39,0.59,23.08,8.99,7.22,20,8.26
,,,,,,,,,,,,,,,,,,,
82,National Institute of Technology Srinagar,2023,13.01,19.3,13.03,13.1,11.01,12.69,2,0.92,30.57,15,13.58,5.73,12.17,14.81,12.68,20,12.3
,,,,,,,,,,,,,,,,,,,
83,Jawaharlal Nehru Technological University,2023,14,23.83,12.47,15.62,10.31,10.74,4,2.57,24.04,12.47,10.09,3.12,2.48,26.45,6.24,20,12.3
,,,,,,,,,,,,,,,,,,,
84,Guru Gobind Singh Indraprastha University,2023,9.5,23.98,13.84,8.01,16.84,15.66,0.5,0.7,23.95,15,14.04,3.27,6.23,21.1,1.21,18,17.04
,,,,,,,,,,,,,,,,,,,
85,Vignan's Foundation for Science  Technology and Research,2023,13.85,30,15.2,4.16,8.41,10.44,8,0.33,20.87,14.71,10.14,2.95,8.91,26.36,5.86,20,7.93
,,,,,,,,,,,,,,,,,,,
86,Rajalakshmi Engineering College,2023,14.3,29.03,14.52,7.69,2.99,5.85,5,0.78,34.53,15,10.09,2.68,6.4,27.81,9.08,20,6.26
,,,,,,,,,,,,,,,,,,,
87,Vel Tech Rangarajan Dr. Sagunthala R & D Institute of Science and Technology,2023,13.1,28.55,13.72,4.12,12.56,15.02,7,0.2,16.54,12.19,9.08,0.52,20.33,19.31,6.27,20,8.91
,,,,,,,,,,,,,,,,,,,
88,Atal Bihari Vajpayee Indian Institute of Information Technology and Management,2023,6.43,20.39,14.31,11.42,9.42,10.54,0,0.86,36.83,15,21.4,1.41,22.1,12.54,3.44,20,6.6
,,,,,,,,,,,,,,,,,,,
89,Indian Institute of Information Technology Allahabad,2023,10.38,15.27,10.46,8.9,9.45,10.23,1.5,0.75,34.25,15,23.23,4.84,17.66,12.36,3.61,20,23.85
,,,,,,,,,,,,,,,,,,,
90,National Institute of Technology Goa,2023,5.84,25.61,16.5,11.3,11.01,10.76,1.5,0.66,27.2,13.63,13.34,2.51,16.46,19.27,2.74,20,11.4
,,,,,,,,,,,,,,,,,,,
91,National Institute of Technology Agartala,2023,12.4,19.51,12.49,9.97,11.28,14.18,2.5,0.25,28.53,13.32,12.96,4.57,12.25,18.7,8.66,20,6.26
,,,,,,,,,,,,,,,,,,,
92,Chitkara University,2023,14.43,15.15,9.23,8.7,8.62,11.97,10,0.29,24.28,14.51,12.34,1.22,17.6,24.84,0.41,20,22.25
,,,,,,,,,,,,,,,,,,,
93,Indian Institute Of Technology Dharwad,2023,7,26.51,14.75,16.59,5.23,7.3,0,2.63,26.67,15,15.54,0.15,22.81,13.89,2.47,0,29.69
,,,,,,,,,,,,,,,,,,,
94,AU College of Engineering Visakhapatnam,2023,12.5,20.56,11.69,14.42,4.13,4.52,3,1.33,38.72,15,11.16,7.19,2.51,28.1,6.19,20,5.92
,,,,,,,,,,,,,,,,,,,
95,National Institute of Technology Manipur,2023,7.15,29.66,15.94,10.31,8.09,10.73,1,0.79,23.78,13.75,12.94,2.9,10.62,20.47,10.14,20,3.79
,,,,,,,,,,,,,,,,,,,
96,R.V. College of Engineering,2023,14,27.15,14.87,7.54,7.09,6.62,3,0.34,26.46,15,14.69,1.02,7.13,22.62,2.29,20,14.03
,,,,,,,,,,,,,,,,,,,
97,Pandit Dwarka Prasad Mishra Indian Institute of Information Technology  Design and Manufacturing (IIITDM),2023,8.83,15.12,10.32,10.38,12.97,15.16,1.5,0.84,33.64,15,15.59,4.21,19.69,10.24,6.09,20,3.06
,,,,,,,,,,,,,,,,,,,
98,SR University,2023,10.93,30,17.52,6.87,4.86,7.9,3,0.04,26.78,15,9.82,0.38,6.63,29.67,6.36,20,10.79
,,,,,,,,,,,,,,,,,,,
99,Amity University Haryana  Gurgaon,2023,7.89,30,19.07,7.19,7.37,9.42,4,0.94,19.08,15,9.24,1.98,14.79,26.12,2.83,20,7.93
,,,,,,,,,,,,,,,,,,,
100,C.V. Raman Global University Odisha,2023,14.3,29.13,16.74,9.62,0.49,1.84,3,0.37,32.59,15,10.45,0.23,17.9,26.41,5.64,20,6.26
,,,,,,,,,,,,,,,,,,,
Rank,Institute,Year,SS,FSR,FQE,FRU,PU,QP,IPR,FPPP,GPH,GUE,MS,GPHD,RD,WD,ESCS,PCS,PR
,,,,,,,,,,,,,,,,,,,
1,Indian Institute of Technology Madras,2022,18.5,30,17.5,28.61,35,37.68,15,9.98,27.78,14.88,20.56,17.2,21.6,13.34,7.91,20,100
,,,,,,,,,,,,,,,,,,,
2,Indian Institute of Technology Delhi,2022,18.5,26.54,17.31,24.59,34.5,39.78,15,6.73,32.14,13.6,21.57,16.11,23.7,16.91,7.95,20,96.92
,,,,,,,,,,,,,,,,,,,
3,Indian Institute of Technology Bombay,2022,18.5,30,18.24,20.79,32.31,35.95,15,7.56,30.35,14.18,19.74,14.92,18.74,14.06,4.57,20,88.7
,,,,,,,,,,,,,,,,,,,
4,Indian Institute of Technology Kanpur,2022,18.5,26.64,18.11,24.7,29.18,31.34,12,7.46,36.47,15,22,16.23,21.64,9.96,7.87,20,83.01
,,,,,,,,,,,,,,,,,,,
5,Indian Institute of Technology Kharagpur,2022,19.31,25.19,16.89,17.82,32.13,39.11,10,3.36,25.93,14.1,20.88,20,21.09,11.89,5.1,15,82.63
,,,,,,,,,,,,,,,,,,,
6,Indian Institute of Technology Roorkee,2022,18.23,23.74,15.34,18.67,30.82,35.44,7,4.85,37.3,15,21.57,16.26,24.44,11.95,6.7,20,61.36
,,,,,,,,,,,,,,,,,,,
7,Indian Institute of Technology Guwahati,2022,16.45,26.34,14.75,18.35,29.91,32.51,5,5.47,31.6,15,22.1,15.94,23.51,11.49,1.9,20,57.15
,,,,,,,,,,,,,,,,,,,
8,National Institute of Technology Tiruchirappalli,2022,17.5,24.32,16.49,18.08,25.02,26.73,4,2.69,35.44,15,17.38,11.35,16.69,20.5,7.29,20,64.38
,,,,,,,,,,,,,,,,,,,
9,Indian Institute of Technology Hyderabad,2022,11.28,30,17.95,21.08,23.62,23.65,7,5.62,29.48,15,20.89,7.03,16.82,14.97,3.06,20,59.96
,,,,,,,,,,,,,,,,,,,
10,National Institute of Technology Karnataka  Surathkal,2022,16,23.63,15.01,18.22,23.82,23.56,6,3.04,34.51,15,16.68,11.51,16.78,16.72,10.39,20,53.24
,,,,,,,,,,,,,,,,,,,
11,Jadavpur University,2022,15.96,26.43,17.02,11.97,28.43,29.76,3,3.23,34.44,15,16.58,12.1,6.15,18.04,8.15,20,40.97
,,,,,,,,,,,,,,,,,,,
12,Vellore Institute of Technology,2022,18.6,21.37,14.18,8.39,27.15,36.93,9,0.22,26.62,15,13.42,14.41,18.14,21.01,0.12,20,49.6
,,,,,,,,,,,,,,,,,,,
13,Indian Institute of Technology (Banaras Hindu University) Varanasi,2022,17.49,17.57,12.31,15.25,22.59,27.26,5,2.41,35.57,15,20.45,10.7,17.31,9.86,8.89,20,55.89
,,,,,,,,,,,,,,,,,,,
14,Indian Institute of Technology (Indian School of Mines) Dhanbad,2022,14.65,22.29,15.05,16.71,28.31,31.19,3,2.87,30.04,13.89,17.41,9.83,18.67,7.95,7.73,20,36.23
,,,,,,,,,,,,,,,,,,,
15,National Institute of Technology Rourkela,2022,18.5,24.68,16.9,13.31,26.08,28.84,3,1.53,30.85,15,14.19,11.76,15.66,14.96,6.46,20,24.43
,,,,,,,,,,,,,,,,,,,
16,Indian Institute of Technology Indore,2022,10.09,30,16.88,19.31,24.68,26.37,2,3.7,25.31,15,20.53,9.54,17.76,11.56,3.16,20,24.43
,,,,,,,,,,,,,,,,,,,
17,Anna University,2022,17.21,23.28,13.15,10.69,24.56,30.87,7,2.16,19.65,14.62,12.12,11.41,0.65,24.7,3.52,20,62.83
,,,,,,,,,,,,,,,,,,,
18,Institute of Chemical Technology,2022,10.29,27.14,17.87,21.15,18.24,20.92,13,4.82,30.8,15,13.34,10.39,7.28,24.59,2.71,20,19.95
,,,,,,,,,,,,,,,,,,,
19,Amrita Vishwa Vidyapeetham,2022,17,27.13,14.76,10.08,26.4,22.8,8,1.44,32.7,15,10.87,2.83,18.46,22.02,1.28,20,41.78
,,,,,,,,,,,,,,,,,,,
20,Indian Institute of Technology Mandi,2022,9.33,27.54,18.54,20.36,18.75,18.3,4,3,35.96,14.55,20.43,6.61,21.11,19.14,6.91,20,22.57
,,,,,,,,,,,,,,,,,,,
21,National Institute of Technology Warangal,2022,16.5,24.99,16.66,15.84,19.67,20.81,3,2.22,34.03,15,16.72,9.36,15.69,14.97,4.25,20,35.77
,,,,,,,,,,,,,,,,,,,
22,Indian Institute of Technology Ropar,2022,11.28,30,17.86,21.93,15.66,17.3,2,3.83,30.1,15,18.81,4.85,23.11,14.67,5.89,20,30.87
,,,,,,,,,,,,,,,,,,,
23,Indian Institute of Technology  Gandhinagar,2022,11.5,27.52,17.66,23.51,16.44,14.82,1.5,6.32,27.92,13.66,15.76,7.29,21,14.97,4.5,20,35.07
,,,,,,,,,,,,,,,,,,,
24,S.R.M. Institute of Science and Technology,2022,18.3,20.97,12.01,9.92,22.24,27.67,9,0.3,34.82,15,9.86,7.49,19.46,21.48,0.82,20,22.89
,,,,,,,,,,,,,,,,,,,
25,Amity University,2022,14.72,30,15.97,9.26,26.46,24.11,11,0.62,25.36,15,10.16,5.15,14.31,22.51,0.51,20,12.19
,,,,,,,,,,,,,,,,,,,
26,Jamia Millia Islamia,2022,10.5,25.38,13.89,9.77,25.78,26.06,3,2.61,36.92,15,14.83,6.79,21.79,10.17,8.98,20,16.07
,,,,,,,,,,,,,,,,,,,
27,Siksha `O` Anusandhan,2022,17.11,30,14.79,14.04,14.54,18.54,6,0.94,35.44,15,9.86,8.42,18.32,30,1.22,20,19.95
,,,,,,,,,,,,,,,,,,,
28,Thapar Institute of Engineering and Technology (Deemed-to-be-university),2022,16.51,18.09,12.19,12.73,21.68,30.1,4.5,0.69,32.98,15,14.9,8.31,14.06,19.7,0.79,20,25.33
,,,,,,,,,,,,,,,,,,,
29,Birla Institute of Technology and Science Pilani,2022,17.43,18.59,12.32,12.51,19.06,23.56,3,0.66,37.75,15,19.68,5.84,21.45,12.69,0.05,20,36.91
,,,,,,,,,,,,,,,,,,,
30,Indian Institute of Technology Jodhpur,2022,10.3,29.32,17.98,20.82,13.73,14.61,3,3.59,36.38,15,18.36,4.67,20.13,20.59,5.72,20,11.78
,,,,,,,,,,,,,,,,,,,
31,National Institute of Technology Calicut,2022,16.64,22.56,14.91,13.02,15.82,16.4,3,1.09,35.85,15,15.57,10.44,13.24,21.19,9.29,20,38.88
,,,,,,,,,,,,,,,,,,,
32,Visvesvaraya National Institute of Technology Nagpur,2022,14.25,22.44,14.96,14.74,18.46,18.53,9,2.87,37.27,15,15.1,8.28,13.16,16.47,3.52,20,16.07
,,,,,,,,,,,,,,,,,,,
33,Indian Institute of Technology Patna,2022,10.58,25.87,16.27,18.73,22.06,21.15,2,2.57,25.09,12.02,18.81,6.47,16.78,9.47,5.22,20,27.92
,,,,,,,,,,,,,,,,,,,
34,National Institute of Technology Durgapur,2022,13.04,24.08,16.17,14.32,19.79,19.84,2,1.68,35.32,15,14.46,7.98,14.26,13.52,9.98,20,21.61
,,,,,,,,,,,,,,,,,,,
35,Delhi Technological University,2022,18.07,28.91,11.74,10.25,14.83,18.54,0.5,0.9,35.64,15,17.57,5.15,14.29,19.83,2.04,20,42.38
,,,,,,,,,,,,,,,,,,,
36,Indian Institute of Technology Bhubaneswar,2022,11.7,24.55,16.31,17.53,15.99,16.74,1,3.17,30.55,14.99,18.86,5.6,23.23,10.86,6.69,20,29.29
,,,,,,,,,,,,,,,,,,,
37,Aligarh Muslim University,2022,12,30,16.02,12.88,23.65,25.4,3,1.77,26.77,12.61,11.94,5.68,5.89,11.72,4.76,20,16.43
,,,,,,,,,,,,,,,,,,,
38,National Institute of Technology  Silchar,2022,14.37,23.06,15.47,12.58,21.17,21.92,4,0.91,30.49,15,14.21,7.1,14.27,16,7.31,20,14.56
,,,,,,,,,,,,,,,,,,,
39,Kalasalingam Academy of Research and Education,2022,16.24,30,17.37,9.99,11.2,15.55,4,1.51,32.98,15,10.62,6.22,17.11,30,7.23,20,24.73
,,,,,,,,,,,,,,,,,,,
40,Indian Institute of Engineering Science and Technology Shibpur,2022,12.68,21.02,12.78,13.63,22.88,21.33,1.5,2.31,28.15,14.28,14.28,10.7,11.23,13.75,3.28,20,38.23
,,,,,,,,,,,,,,,,,,,
41,Shanmugha Arts Science Technology and Research Academy,2022,16.17,27.43,15.72,10.7,15.92,20.23,2,2.01,33.69,15,12.35,6.25,9.67,25.65,0.62,20,12.59
,,,,,,,,,,,,,,,,,,,
42,Kalinga Institute of Industrial Technology,2022,19,23.83,14.91,12.52,13.18,17.06,5,0.51,22.45,15,11.88,9.18,25.44,29.79,1.73,20,18.58
,,,,,,,,,,,,,,,,,,,
43,Indian Institute of Space Science and Technology,2022,7.23,30,17.71,20.84,11.68,10.56,2,1.1,30,13.25,16.98,2.37,19.67,18.14,4.16,20,33.15
,,,,,,,,,,,,,,,,,,,
44,Koneru Lakshmaiah Education Foundation University (K L College of Engineering),2022,16.39,30,17.09,6.6,19.92,19.54,5,0.35,21.27,15,10.82,5.64,10.37,25.54,0.26,20,12.99
,,,,,,,,,,,,,,,,,,,
45,Chandigarh University,2022,18,30,17.29,10.63,4.6,8.96,11,0.28,19.42,15,12.3,5.72,24.97,30,4.51,20,30.61
,,,,,,,,,,,,,,,,,,,
46,Malaviya National Institute of Technology,2022,15.53,21.12,14.35,11.58,19.52,22.17,3,1.66,26.9,12.6,14.72,7.98,11.77,16.34,7.03,20,10.53
,,,,,,,,,,,,,,,,,,,
47,Motilal Nehru National Institute of Technology,2022,16.22,17.13,11.76,13.9,16.03,18.29,1.5,2.16,34.55,15,16.89,8.78,13.11,11.17,7.86,20,18.23
,,,,,,,,,,,,,,,,,,,
48,Sri Sivasubramaniya Nadar College of Engineering,2022,12.5,25.52,14.63,11.13,17.39,16.42,2.5,1.01,32.25,14.56,11.84,4.76,3.5,25.52,3.96,20,22.25
,,,,,,,,,,,,,,,,,,,
49,Visvesvaraya Technological University,2022,7.26,27.76,14.72,22.32,22.57,16.93,1,0.38,27.96,14.47,8.8,0.89,1.93,27.7,2.84,20,6.54
,,,,,,,,,,,,,,,,,,,
50,National Institute of Technology Kurukshetra,2022,13.64,19.75,11.31,13.03,19.21,20.68,3,0.77,29.02,14.9,15.27,4.16,15.03,16.75,3.55,20,14.94
,,,,,,,,,,,,,,,,,,,
51,Lovely Professional University,2022,18,26.6,13.4,7.51,10.74,16.97,9,0.14,22.63,15,11.46,2.77,24.55,18.68,4.27,20,17.52
,,,,,,,,,,,,,,,,,,,
52,Dr. B R Ambedkar National Institute of Technology Jalandhar,2022,14.46,28.37,14.91,10.41,14.01,16.7,0.5,0.49,25.29,15,13.53,5.36,14.68,20.99,8.32,20,12.59
,,,,,,,,,,,,,,,,,,,
53,Birla Institute of Technology,2022,11.59,27.11,16.33,11.52,16.85,15.75,0.5,1.44,22.58,13.16,15.63,5.23,11.11,18.61,0.86,20,26.21
,,,,,,,,,,,,,,,,,,,
54,Sathyabama Institute of Science and Technology,2022,15.09,27.21,14.22,8.35,15.64,17.72,3,1,17.22,15,9.62,4.93,17.25,23.97,2.16,20,21.93
,,,,,,,,,,,,,,,,,,,
55,Manipal Institute of Technology,2022,15.5,28.86,14.03,8.97,14.48,16.65,2,0.23,17.42,15,13.7,3.37,19.19,21.73,1.56,20,19.61
,,,,,,,,,,,,,,,,,,,
56,Indian Institute of Technology  Tirupati,2022,8,30,16.76,22.71,5.83,7.33,0,1.79,28.56,15,16.6,0.08,17.41,11.09,8.29,20,27.07
,,,,,,,,,,,,,,,,,,,
57,PSG College of Technology,2022,14.91,28.75,14.22,8.62,9.74,13.02,1.5,0.64,22.8,14.25,11.1,2.66,1.36,24.22,2.51,20,52.94
,,,,,,,,,,,,,,,,,,,
58,Sardar Vallabhbhai National Institute of Technology,2022,14.37,18.23,12.19,11.74,15.61,17.35,4.5,1.18,29.7,14.79,14.42,6.18,12.64,13.95,3.28,20,10.53
,,,,,,,,,,,,,,,,,,,
59,Banasthali Vidyapith,2022,12.68,26.96,16.4,9.17,7.23,9.75,0.5,0.77,34.18,15,12.17,8.42,12.63,30,1.51,20,7
,,,,,,,,,,,,,,,,,,,
60,National Institute of Technology Meghalaya,2022,7.21,30,17.01,12.43,13.89,12.8,0,1.21,30.13,13.24,12.57,1.76,12.67,18.15,12.16,20,4.63
,,,,,,,,,,,,,,,,,,,
61,University of Petroleum and Energy Studies,2022,13.07,26.34,14.68,11.32,10.57,12.02,5,0.26,21.74,15,10.89,0.46,21.43,20.79,0.01,20,26.21
,,,,,,,,,,,,,,,,,,,
62,International Institute of Information Technology Hyderabad,2022,8.26,16.85,11.69,12.37,17.01,16.36,2.5,2.71,24.93,11.58,25,2.49,17.81,12.7,0.5,20,21.93
,,,,,,,,,,,,,,,,,,,
63,National Institute of Technology  Patna,2022,12.97,21.06,14.11,12.82,14.53,15.36,1,1.88,33.39,14.33,13.74,4.3,10.37,11.67,0.65,20,7
,,,,,,,,,,,,,,,,,,,
64,Graphic Era University,2022,12.95,30,15.46,12.64,5.39,8.42,4,0.39,21.22,14.3,10.92,1.69,18.75,26.69,1.84,20,27.35
,,,,,,,,,,,,,,,,,,,
65,National Institute of Technology Raipur,2022,13.84,19.16,12.35,10.26,15.94,16.74,1.5,0.59,25.83,15,14.83,5.56,11.77,15.95,8.9,20,7
,,,,,,,,,,,,,,,,,,,
66,National Institute of Technology Srinagar,2022,12.09,22.74,13.78,14.59,8.1,9.55,1.5,0.65,30.61,15,13.71,5.11,12.81,21.86,11.2,20,11.37
,,,,,,,,,,,,,,,,,,,
67,M. S. Ramaiah Institute of Technology,2022,12.57,28.83,15.57,9.12,7.06,9.84,2.5,0.42,33.09,15,11.89,1.95,8.46,24.93,1.78,20,14.94
,,,,,,,,,,,,,,,,,,,
68,Indian Institute of Technology Palakkad,2022,6.08,30,16.28,18.33,4.97,5.89,0,1.25,29.22,15,15.95,0.08,17.41,20.08,6.4,20,16.43
,,,,,,,,,,,,,,,,,,,
69,Indraprastha Institute of Information Technology,2022,10.42,14.13,9.86,15.72,16.5,15.2,0.5,2.63,30.88,15,20.43,2.99,9.94,12.06,0.56,20,11.78
,,,,,,,,,,,,,,,,,,,
70,Maulana Azad National Institute of Technology,2022,14.17,18.72,12.47,9.54,12.5,14.75,2.5,0.72,28.97,15,14.76,3.57,12.65,17.49,8.92,20,6.54
,,,,,,,,,,,,,,,,,,,
71,Defence Institute of Advanced Technology,2022,3.94,26.1,15.97,16.12,15.2,15.04,2,3.77,20.48,11.03,19.56,2.88,6.81,14.53,0,20,2.64
,,,,,,,,,,,,,,,,,,,
72,College of Engineering Pune,2022,11.5,24.91,12.69,13.23,7.01,6.26,2,1.84,33.79,15,15.11,1.23,2.32,23.89,5.44,20,23.51
,,,,,,,,,,,,,,,,,,,
73,Sri Krishna College of Engineering and Technology,2022,12,26.7,12.66,11.3,4.74,7.11,5,0.28,37.28,15,11.61,0.68,1.13,25.77,3.28,20,23.82
,,,,,,,,,,,,,,,,,,,
74,Guru Gobind Singh Indraprastha University,2022,9.5,24.19,14.53,6.99,16.88,15.32,0.5,0.31,22.08,15,13.42,2.13,5.66,22.68,1.26,18,22.57
,,,,,,,,,,,,,,,,,,,
75,Manipal University Jaipur,2022,12.9,26.56,15.29,8.79,10,11.81,2.5,0.13,30.26,15,10.96,0.46,19.34,20.04,0.15,20,1.6
,,,,,,,,,,,,,,,,,,,
76,Jawaharlal Nehru Technological University,2022,14.44,23.22,11.95,16.05,11.18,10.6,3,2.62,18.29,12.25,10.06,3.42,1.79,27.37,4.79,20,6.54
,,,,,,,,,,,,,,,,,,,
77,AU College of Engineering Visakhapatnam,2022,12.5,21.89,12.26,14.76,4.43,4.3,1.5,1.51,38.72,15,11.15,7.26,2.34,28.97,4.71,20,7.91
,,,,,,,,,,,,,,,,,,,
78,Atal Bihari Vajpayee Indian Institute of Information Technology and Management,2022,6.16,19.79,13.75,12.88,9.1,9.63,0.5,1.31,34.84,13.89,21.17,1.63,21.34,12.58,2.19,20,7
,,,,,,,,,,,,,,,,,,,
79,Netaji Subhas University of Technology (NSUT),2022,15.09,18.54,10.42,8.72,8.05,11.09,0,0.35,30.98,15,18.86,3.67,5.1,18.11,1.23,20,23.2
,,,,,,,,,,,,,,,,,,,
80,National Institute of Technology Agartala,2022,11.96,21.06,13.12,10.45,10.65,12.56,2,0.23,23.96,12.91,13.8,3.52,12.33,18.89,8.42,20,5.12
,,,,,,,,,,,,,,,,,,,
81,International Institute of Information Technology Bangalore,2022,8,20.26,12.55,14.4,6.04,3.51,2,4.6,24.61,15,23.4,0.6,23.45,16.51,0,20,17.88
,,,,,,,,,,,,,,,,,,,
82,Pandit Dwarka Prasad Mishra Indian Institute of Information Technology  Design and Manufacturing (IIITDM),2022,9.09,14.92,10.15,11.62,13.15,14.4,0.5,0.69,31.53,15,15.62,4.3,20.79,11.12,7.47,20,2.12
,,,,,,,,,,,,,,,,,,,
83,B. M. S. College of Engineering,2022,14.5,22.69,11.82,10.47,5.17,5.85,4,0.5,29.84,14.89,14.97,1.03,6.42,24.03,1.84,20,18.23
,,,,,,,,,,,,,,,,,,,
84,Vel Tech Rangarajan Dr. Sagunthala R & D Institute of Science and Technology,2022,13.84,24.48,11.62,4.87,12.56,14.46,4,0.11,22.7,11.09,10.66,0.46,19.43,18.8,5.56,20,2.12
,,,,,,,,,,,,,,,,,,,
85,Thiagarajar College of Engineering,2022,11.5,21.07,11.63,7.74,6.78,9.24,2,1.3,30.66,15,10.63,3.37,0.49,25.66,2.44,20,29.29
,,,,,,,,,,,,,,,,,,,
86,National Institute of Food Technology Entrepreneurship and Management - Thanjavur (NIFTEM - Thanjavur),2022,4.97,30,17.4,19.48,3.37,6.57,0.5,3.74,23.52,13.41,8.72,0.82,7.71,26.84,2.43,20,2.64
,,,,,,,,,,,,,,,,,,,
87,Punjab Engineering College (Deemed to be University) Chandigarh,2022,11.53,15.91,10.19,13.04,6.43,9.1,1.5,0.91,32.38,15,15.69,2.77,12.9,19.13,1.63,20,19.27
,,,,,,,,,,,,,,,,,,,
88,National Institute of Technology Goa,2022,6.4,22.15,13.87,12.53,11.31,10.3,0,0.9,26.28,12.69,13.78,1.76,17.31,18.48,2.32,20,8.36
,,,,,,,,,,,,,,,,,,,
89,R.V. College of Engineering,2022,13.5,25.91,13.79,8.07,7.82,6.02,2,0.52,24.29,15,15.62,0.38,6.72,23.12,0.91,20,12.99
,,,,,,,,,,,,,,,,,,,
90,National Institute of Technology  Jamshedpur,2022,11.69,17.25,11.94,12.55,7.25,10.27,0.5,1.07,34.85,15,14.32,2.99,13.38,10.23,3.16,20,8.36
,,,,,,,,,,,,,,,,,,,
91,SR University,2022,10.86,30,17.34,7.32,4.46,5.69,3,0.13,22.96,15,9.94,0,6.64,29.51,6.08,20,12.59
,,,,,,,,,,,,,,,,,,,
92,Panjab University,2022,11.23,14.81,9.47,5.32,19.2,22.31,2,1.88,18.44,10.27,12.7,2.99,15.88,20.83,1.81,8,11.78
,,,,,,,,,,,,,,,,,,,
93,Indian Institute of Information Technology Allahabad,2022,8.92,13.59,9.29,10.73,8.8,8.47,0.5,0.71,33.22,15,22.14,3.62,18.12,10.25,3.31,20,22.57
,,,,,,,,,,,,,,,,,,,
94,Jaypee Institute of Information Technology,2022,12.15,19.38,12.12,7.98,11.12,12.32,1.5,0.18,32.32,13.82,11.4,2.43,8.07,20.4,0.21,20,6.07
,,,,,,,,,,,,,,,,,,,
95,Rajalakshmi Engineering College,2022,14.11,28.97,14.49,7.47,2.26,4.25,2,0.69,32.2,15,9.77,2.88,5.21,27.08,6.9,20,3.14
,,,,,,,,,,,,,,,,,,,
96,The Northcap University,2022,7.83,28.63,17.23,11,5.58,6.93,2,0.07,29.54,14.9,10.06,0.38,9.4,20.96,1.28,20,4.14
,,,,,,,,,,,,,,,,,,,
97,Siddaganga Institute of Technology,2022,10.35,29.7,14.32,7.27,5.48,8.16,0,0.39,29.93,12.59,12.12,0.75,3.38,25.26,2.55,20,13.39
,,,,,,,,,,,,,,,,,,,
98,C.V. Raman Global University Odisha,2022,13.01,26.55,14.77,9.33,1.18,2.8,1,0.34,33.33,15,11.02,0,14.84,23.32,5.82,20,12.19
,,,,,,,,,,,,,,,,,,,
99,Vignan's Foundation for Science  Technology and Research,2022,12.98,29.55,14.64,4.47,7.7,9.11,4,0.31,19.28,15,11.18,1.5,6.18,26.37,3.75,20,3.14
,,,,,,,,,,,,,,,,,,,
100,PES University,2022,13.82,22.09,10.59,9.77,6.8,5.83,2,0.3,34.16,15,14.39,0.23,5.05,24.5,1.47,20,9.24
,,,,,,,,,,,,,,,,,,,
Rank,Institute,Year,SS,FSR,FQE,FRU,PU,QP,IPR,FPPP,GPH,GUE,MS,GPHD,RD,WD,ESCS,PCS,PR
,,,,,,,,,,,,,,,,,,,
1,Indian Institute of Technology Madras,2021,18.5,30,17.88,29.09,34.43,37,15,10,28.5,15,21.1,17.32,21.43,13.57,7.43,20,100
,,,,,,,,,,,,,,,,,,,
2,Indian Institute of Technology Delhi,2021,18.5,29.39,18.48,25.39,35,39.43,13,8.39,29.53,13.15,21.65,16.64,24.21,18.19,3.99,20,98.63
,,,,,,,,,,,,,,,,,,,
3,Indian Institute of Technology Bombay,2021,18.5,30,19.48,21.33,33.66,36.18,15,7.72,29.96,13.85,19.51,16.39,18.53,12.56,4.59,18,92.88
,,,,,,,,,,,,,,,,,,,
4,Indian Institute of Technology Kanpur,2021,18.25,26.27,17.01,25.18,29.32,31.18,15,7.63,36.55,15,22,16.24,18.95,8.73,8.28,20,87.05
,,,,,,,,,,,,,,,,,,,
5,Indian Institute of Technology Kharagpur,2021,18.44,26.46,17.51,18.1,32.54,39.14,12,4.91,27.91,13.73,21.37,20,21.64,12.31,4.51,20,88.5
,,,,,,,,,,,,,,,,,,,
6,Indian Institute of Technology Roorkee,2021,18.11,25.43,16.16,19.58,31.42,35.56,6,5.15,36.54,15,21.85,17.35,24.05,12.41,6.9,20,63.59
,,,,,,,,,,,,,,,,,,,
7,Indian Institute of Technology Guwahati,2021,16.69,27.4,16.48,18.68,29.47,31.84,4,5.01,31.27,15,22.06,16.29,23.55,11.31,4.97,20,60.58
,,,,,,,,,,,,,,,,,,,
8,Indian Institute of Technology Hyderabad,2021,10.32,30,16.78,25.5,22.26,22.09,7,5.55,30.94,15,20.57,6.03,16.5,14.46,5.61,20,66.7
,,,,,,,,,,,,,,,,,,,
9,National Institute of Technology Tiruchirappalli,2021,16,20.82,13.74,19.44,23.21,24.5,3,3.91,35.46,15,17.3,10.37,16.59,17.96,6.8,20,69.32
,,,,,,,,,,,,,,,,,,,
10,National Institute of Technology Karnataka  Surathkal,2021,16,24.29,14.89,17.98,23.44,22.97,1,2.76,35.31,15,16.64,11.67,16.76,18.2,9.58,20,50.18
,,,,,,,,,,,,,,,,,,,
11,Indian Institute of Technology (Indian School of Mines) Dhanbad,2021,15.34,21.92,14.98,17.05,28.25,30.94,2.5,3.84,30.29,14.51,17.14,11.17,19.46,7.07,8.09,20,35.36
,,,,,,,,,,,,,,,,,,,
12,Vellore Institute of Technology,2021,18.54,20.02,13.2,9.65,27.24,35.19,7,0.27,25.57,13.92,13.67,13.84,19.06,20.66,0.12,20,49.73
,,,,,,,,,,,,,,,,,,,
13,Indian Institute of Technology Indore,2021,9.11,29.61,16.65,20.84,24.56,25.64,2,3.68,26.8,14.93,20.62,9.22,17.15,11.44,7.18,20,30.29
,,,,,,,,,,,,,,,,,,,
14,Indian Institute of Technology (Banaras Hindu University) Varanasi,2021,17.51,19.77,13.25,16.88,20.77,24.42,4,2.43,33.85,14.63,20.29,10.3,17.33,9.46,9.01,20,49.96
,,,,,,,,,,,,,,,,,,,
15,Institute of Chemical Technology,2021,10.28,25.7,16.91,22.57,19.2,21.37,8,6.05,32.82,15,13.8,10.94,6.51,24.36,1.8,13,21.98
,,,,,,,,,,,,,,,,,,,
16,Amrita Vishwa Vidyapeetham,2021,17.09,27.43,14.63,10.49,26.73,21.87,9,1.42,30.9,15,10.98,2.68,13.64,21.53,1.51,20,35.04
,,,,,,,,,,,,,,,,,,,
17,Jadavpur University,2021,17.08,17.19,11.6,8.95,27.22,29.09,1.5,2.8,32.58,15,16,13.3,3.67,12.9,6.42,20,48.82
,,,,,,,,,,,,,,,,,,,
18,Anna University,2021,18.02,24.03,13.38,10.86,20.63,24.18,3,2.25,19.67,15,12.89,11.05,0.77,26.66,3.44,20,65.95
,,,,,,,,,,,,,,,,,,,
19,Indian Institute of Technology Ropar,2021,11.24,30,17.57,22.54,13.55,16.04,1.5,2.99,31.17,14.48,19.02,4.42,22.84,15.12,4.82,20,33.74
,,,,,,,,,,,,,,,,,,,
20,National Institute of Technology Rourkela,2021,17.21,19.13,13.14,12.73,25.11,28.24,1.5,1.72,32.74,12.74,14.68,12.36,14.31,11.97,4.44,20,28.08
,,,,,,,,,,,,,,,,,,,
21,Indian Institute of Technology Patna,2021,9.43,28.85,17.38,20.84,20.82,19.67,1.5,2.94,25.87,12.96,19.29,5.66,15.92,9.78,7.52,20,28.83
,,,,,,,,,,,,,,,,,,,
22,Indian Institute of Technology Gandhinagar,2021,10.27,29.06,18.35,24.41,14.37,13.17,1,6.51,24.42,12.19,16.04,4.66,20.79,18.56,3.29,20,39.87
,,,,,,,,,,,,,,,,,,,
23,National Institute of Technology Warangal,2021,16,22.6,15,14.28,18.38,18.79,0,2.42,33.38,15,17.1,8.98,16.03,15.44,4.04,20,40.72
,,,,,,,,,,,,,,,,,,,
24,Thapar Institute of Engineering and Technology (Deemed-to-be-university),2021,16.69,21.64,13.74,12.82,20.87,27.86,2,0.8,31.25,15,15.08,7.2,14.15,21.11,0.79,20,25.35
,,,,,,,,,,,,,,,,,,,
25,National Institute of Technology Calicut,2021,16,23.61,14.92,13.47,15.39,15.21,3,1.02,36.08,15,16.4,10.47,14.33,21.86,7.32,20,37.53
,,,,,,,,,,,,,,,,,,,
26,Birla Institute of Technology and Science Pilani,2021,17.87,19.04,12.69,13.36,16.84,19.62,3,0.49,38.67,15,20.15,5.75,22.14,13.52,0.08,20,39.87
,,,,,,,,,,,,,,,,,,,
27,Indian Institute of Engineering Science and Technology Shibpur,2021,13.77,23.49,14.32,14.55,22.98,21.28,1,2.29,25.95,13.68,14.72,10.11,11.74,14.63,3.33,20,42.36
,,,,,,,,,,,,,,,,,,,
28,Indian Institute of Technology Bhubaneswar,2021,9.13,28.01,18.12,19.83,16.11,17.06,1,3.65,30.14,15,18.56,2.74,22.2,11.55,1.87,20,29.93
,,,,,,,,,,,,,,,,,,,
29,National Institute of Technology Durgapur,2021,12.86,24.93,16.79,14.65,19.73,19.08,2,1.83,31.74,15,14.96,6.67,14.11,13.31,9.01,20,26.15
,,,,,,,,,,,,,,,,,,,
30,Visvesvaraya National Institute of Technology Nagpur,2021,14.38,22.51,14.57,14.73,18.2,18.92,5,3.94,32.12,15,15.05,8.49,13.21,17.05,3.27,20,17.84
,,,,,,,,,,,,,,,,,,,
31,Amity University,2021,14.77,27.32,14.98,11.38,24.66,21.06,11,0.53,23.12,15,10.18,4.08,14.22,22.32,0.39,20,9.87
,,,,,,,,,,,,,,,,,,,
32,Siksha `O` Anusandhan,2021,17.32,29.92,14.37,14.15,11.95,16.48,5,0.85,36.19,15,10.24,8.73,14.27,30,0.87,20,12.15
,,,,,,,,,,,,,,,,,,,
33,Jamia Millia Islamia,2021,10.5,25.24,14.36,10.17,23.24,23.29,1,2.46,36.15,15,15.44,6.37,17.12,9.25,8.34,20,13.24
,,,,,,,,,,,,,,,,,,,
34,S.R.M. Institute of Science and Technology,2021,17.44,21.51,11.44,9.93,19.18,24.35,7,0.38,34.65,15,10.3,7.06,18.9,21.2,0.8,20,13.24
,,,,,,,,,,,,,,,,,,,
35,Aligarh Muslim University,2021,12,30,16.22,13.58,22.5,23.75,3,0.85,26,13.26,12.29,5.11,5.99,10.51,3.88,20,20.65
,,,,,,,,,,,,,,,,,,,
36,Delhi Technological University,2021,16.63,27.44,11.51,10.65,12.66,15.93,2,1.2,35.59,15,17.3,5.75,17,19.83,1.77,20,39.59
,,,,,,,,,,,,,,,,,,,
37,Malaviya National Institute of Technology,2021,12.71,29.2,14.77,14.01,18.77,20.97,2,1.46,26.88,12.38,14.86,7.92,10.8,20.24,6.75,20,15.86
,,,,,,,,,,,,,,,,,,,
38,Shanmugha Arts Science Technology and Research Academy,2021,16.07,28.65,16,10.75,15.61,18.94,1.5,1.56,34.37,15,11.89,6.3,10.35,25.88,0.83,20,12.7
,,,,,,,,,,,,,,,,,,,
39,Kalinga Institute of Industrial Technology,2021,19,23.06,14.32,13.62,11.7,14.75,3,0.54,35.07,15,11.57,9.09,25.61,29.78,1.29,20,13.24
,,,,,,,,,,,,,,,,,,,
40,Indian Institute of Space Science and Technology,2021,6.95,30,17.8,22.73,11.22,9.81,1,1.15,28.44,12.75,17.33,2.56,18.06,18.89,8.32,20,39.01
,,,,,,,,,,,,,,,,,,,
41,Indian Institute of Technology Mandi,2021,9.64,21.33,14.31,20.67,15.76,16.64,0,3,30.36,14.25,19.41,5.02,21.1,16.59,3.97,20,21.98
,,,,,,,,,,,,,,,,,,,
42,Motilal Nehru National Institute of Technology,2021,14.2,21.45,13.95,14.63,15.49,16.67,0.5,1.4,33.47,15,17.47,7.7,12.72,13.62,8.5,20,21.98
,,,,,,,,,,,,,,,,,,,
43,Indian Institute of Technology Jodhpur,2021,10.32,27.02,17.1,21.95,12.07,12.88,0,3.12,26.1,13.7,18.41,4.38,19.34,19.57,4.43,20,13.78
,,,,,,,,,,,,,,,,,,,
44,National Institute of Technology Kurukshetra,2021,13.34,21.09,12.05,15.72,19.66,19.53,0.5,0.96,29.5,13.81,15.23,3.47,14.14,16.45,3.07,20,19.73
,,,,,,,,,,,,,,,,,,,
45,Sri Sivasubramaniya Nadar College of Engineering,2021,15,25.68,14.74,11.53,16.93,15.9,1,0.73,31.62,13.82,11.84,4.42,3.42,26.19,3.86,20,20.65
,,,,,,,,,,,,,,,,,,,
46,Birla Institute of Technology,2021,10.17,28.74,17.07,12.23,17.75,14.97,0,1.48,23.75,13.53,15.98,4.98,10.63,18.87,0.91,20,26.54
,,,,,,,,,,,,,,,,,,,
47,Sardar Vallabhbhai National Institute of Technology,2021,14.14,23.96,13.76,12.28,14.75,16.16,2,1.49,29.29,14.99,15.17,5.62,13.79,19.62,3.33,20,17.35
,,,,,,,,,,,,,,,,,,,
48,National Institute of Technology Silchar,2021,12.79,22.84,15.23,12.26,18.45,19.28,2,0.63,26.27,15,14.31,6.37,12.91,14.28,5.54,20,8.68
,,,,,,,,,,,,,,,,,,,
49,Dr. B R Ambedkar National Institute of Technology Jalandhar,2021,13.82,28.26,14.73,11.17,11.94,14.29,1,0.49,27.17,15,14.14,4.47,13.49,21.67,7.96,20,18.32
,,,,,,,,,,,,,,,,,,,
50,Koneru Lakshmaiah Education Foundation University (K L College of Engineering),2021,16.75,30,16.93,7.4,18.41,18.66,1,0.31,18.66,15,10.39,4.57,9.92,24.88,0.25,20,4.23
,,,,,,,,,,,,,,,,,,,
51,Manipal Institute of Technology,2021,15.5,29.87,14.82,9.96,13.26,13.92,1.5,0.32,18.25,15,14.1,2.8,19.16,21.43,1.44,20,21.98
,,,,,,,,,,,,,,,,,,,
52,College of Engineering Pune,2021,11.5,27.23,13.12,12.99,9.23,7.35,4,1.81,36.19,15,15.65,0.99,4.2,24.2,5.77,20,29.57
,,,,,,,,,,,,,,,,,,,
53,PSG College of Technology,2021,15.5,29.02,14.19,9.87,8.53,11.16,3,0.89,21.57,14.01,10.9,1.88,1.3,25.09,2.5,20,57.14
,,,,,,,,,,,,,,,,,,,
54,International Institute of Information Technology Hyderabad,2021,8.38,16.98,11.81,13.58,16.63,15.27,0,1.18,31.32,12.5,25,2.26,18.39,12.64,0.41,20,26.15
,,,,,,,,,,,,,,,,,,,
55,Sathyabama Institute of Science and Technology,2021,14.91,23.76,12.72,8.44,14.46,15.61,10,0.98,14.9,15,10.42,5.07,17.43,22.84,2.9,20,9.87
,,,,,,,,,,,,,,,,,,,
56,Kalasalingam Academy of Research and Education,2021,12.16,26.65,15.63,9.81,9.53,12.63,1,1.26,31.43,14.35,10.41,4.23,11.7,28.52,5.01,20,13.78
,,,,,,,,,,,,,,,,,,,
57,Visvesvaraya Technological University,2021,6.94,30,12.8,20.53,16.75,13.41,0,0.87,25.21,13.93,8.54,0.16,1.73,28.2,0,20,6.83
,,,,,,,,,,,,,,,,,,,
58,Defence Institute of Advanced Technology,2021,4.31,29.44,17.13,16.15,15.3,13.72,1,3.71,18.68,12.17,18.34,2.97,9.01,16.7,0,20,2.87
,,,,,,,,,,,,,,,,,,,
59,National Institute of Technology Meghalaya,2021,7.27,30,16.44,13.92,11.73,11.08,0,1.32,27.2,13.98,12.84,1.28,13.06,20.15,11.01,20,3.56
,,,,,,,,,,,,,,,,,,,
60,Maulana Azad National Institute of Technology,2021,13.34,19.37,12.32,10.69,13.31,14.22,0.5,0.86,29.56,15,14.84,4.57,13.12,19.91,5.57,20,9.87
,,,,,,,,,,,,,,,,,,,
61,Chandigarh University,2021,17,27.51,13.03,11.36,3,5.82,8,0.23,17.66,15,11.89,2.26,23.05,28.98,4.29,20,22.42
,,,,,,,,,,,,,,,,,,,
62,Jawaharlal Nehru Technological University,2021,14.48,26.96,12.87,17.99,12.17,10.83,2,2.99,14.68,13.21,10.34,2.8,1.78,27.4,4.62,20,12.7
,,,,,,,,,,,,,,,,,,,
63,Indraprastha Institute of Information Technology,2021,10.54,13.95,9.71,20.59,15.96,14.02,0,1.81,30.34,14.47,20.73,2.5,9.59,11.48,0.33,18,13.24
,,,,,,,,,,,,,,,,,,,
64,National Institute of Technology Raipur,2021,13.68,22.1,13.76,11.03,13.49,14.29,0.5,0.7,24.4,15,15.34,4.52,11.42,18.33,8.56,20,2.87
,,,,,,,,,,,,,,,,,,,
65,M. S. Ramaiah Institute of Technology,2021,12.33,29.77,14.82,9.34,7.07,8.31,1,0.46,31.09,15,12.35,1.62,8.34,23.55,1.82,20,14.31
,,,,,,,,,,,,,,,,,,,
66,Lovely Professional University,2021,17.89,24.14,11.6,9.07,7.96,11.81,6,0.2,18.26,15,10.55,2.01,24.17,18.49,1.81,20,14.83
,,,,,,,,,,,,,,,,,,,
67,Banasthali Vidyapith,2021,12.07,23.4,14.51,9.3,5.74,7.68,0,0.87,31.92,15,11.89,8.46,23.18,30,1.74,20,6.19
,,,,,,,,,,,,,,,,,,,
68,Pandit Deendayal Petroleum University Gandhinagar,2021,11.5,30,16.33,12.23,7,11.1,4,1.16,26.46,15,10.39,1.48,3.36,15.94,2.8,20,2.87
,,,,,,,,,,,,,,,,,,,
69,National Institute of Technology Srinagar,2021,10.14,24.73,14.87,16.13,6.26,7.25,0,0.78,25.55,15,13.37,3.93,12.03,21.32,10.54,20,6.19
,,,,,,,,,,,,,,,,,,,
70,Punjab Engineering College (Deemed to be University) Chandigarh,2021,11.56,19.57,11.43,13.42,6.14,7.97,0,1.13,32.21,15,15.68,2.68,13.59,20.14,1.68,20,26.15
,,,,,,,,,,,,,,,,,,,
71,Thiagarajar College of Engineering,2021,11.5,23.82,12.62,8.17,7.27,8.71,1,1.66,32.39,15,10.84,2.68,0.49,26.6,3.9,20,28.83
,,,,,,,,,,,,,,,,,,,
72,National Institute of Technology Patna,2021,11.17,18.42,12.32,12.55,10.67,11.42,0,2.21,30.97,13.58,14.23,3.08,10.35,9.71,10.72,20,9.87
,,,,,,,,,,,,,,,,,,,
73,Indian Institute of Information Technology Guwahati,2021,5.63,28.59,16.37,14.28,4.08,4.34,0,0.71,27.78,14.92,14.13,0.08,19.2,18.55,0.27,15,31.01
,,,,,,,,,,,,,,,,,,,
74,College of Engineering Visakhapatnam,2021,11,23.33,15.04,15.07,4.37,3.76,0,1.65,37.1,15,11.07,6.06,1.3,28.37,4.25,20,4.23
,,,,,,,,,,,,,,,,,,,
75,Graphic Era University,2021,10.89,27.32,13.96,12.6,4.52,6.23,2.5,0.4,23.43,14.39,10.39,0.85,16.36,23.55,0.54,20,24.53
,,,,,,,,,,,,,,,,,,,
76,International Institute of Information Technology Bangalore,2021,5.97,23.15,14.08,15.7,6.15,3.58,0.5,0.65,24.44,15,23.8,0.4,21.32,19.61,0,20,18.8
,,,,,,,,,,,,,,,,,,,
77,R.V. College of Engineering,2021,14,26.98,14.13,8.76,8.32,5.63,0,0.5,25.68,14.78,16.14,0.4,6.57,23.18,0.56,20,15.86
,,,,,,,,,,,,,,,,,,,
78,Sri Krishna College of Engineering and Technology,2021,12,27.62,11.78,10.83,2.8,4.14,3,0.92,36.04,15,11.82,0.4,1.1,25.81,2.8,20,17.35
,,,,,,,,,,,,,,,,,,,
79,Shri Mata Vaishno Devi University,2021,7.28,30,17.82,13.97,8.22,11.3,0,1.03,21.42,13.48,10.02,2.91,6.81,16.02,2.66,20,2.17
,,,,,,,,,,,,,,,,,,,
80,Pandit Dwarka Prasad Mishra Indian Institute of Information Technology  Design and Manufacturing (IIITDM),2021,8.35,14.79,10.03,13.01,14.07,14.12,0,1.42,26.4,15,16.43,3.93,18.84,7.73,7.49,20,6.83
,,,,,,,,,,,,,,,,,,,
81,Indian Institute of Food Processing Technology (IIFPT),2021,5.02,30,17.64,19.18,1.35,3.07,0,3.56,28.5,14.86,8.31,0.47,7.65,27.78,2.13,20,9.87
,,,,,,,,,,,,,,,,,,,
82,Veermata Jijabai Technological Institute,2021,12.5,23.84,12.39,11.61,4.64,4.75,0,2.23,33.29,15,15.79,1.94,3.77,23.92,5.91,20,9.28
,,,,,,,,,,,,,,,,,,,
83,PES University,2021,13.96,25.74,11.79,10.8,6.38,5.08,1.5,0.4,31.06,15,14.31,0.16,4.51,23.43,1.42,20,13.24
,,,,,,,,,,,,,,,,,,,
84,Manipal University Jaipur,2021,12.18,28.08,15.59,9.49,7.51,9,0,0.14,24.4,15,11.23,0.16,18.79,19.78,0.15,20,0
,,,,,,,,,,,,,,,,,,,
85,National Institute of Technology Goa,2021,5.88,23.37,13.31,14.13,10.49,9.51,0,1.42,25.64,12.69,14.13,1.06,15.64,19.32,2.11,20,7.45
,,,,,,,,,,,,,,,,,,,
86,National Institute of Technology Jamshedpur,2021,11.49,18.67,12.8,13.49,6.06,8.43,0,1.13,35.12,15,14.56,2.97,12.61,9.91,3.21,20,8.07
,,,,,,,,,,,,,,,,,,,
87,Indian Institute of Information Technology Allahabad,2021,9.04,14.39,9.8,13.33,7.69,7.33,0,0.67,31.74,15,22.18,3.36,17.74,10.09,3.91,20,19.73
,,,,,,,,,,,,,,,,,,,
88,Netaji Subhas University of Technology (NSUT),2021,13.48,16.44,8.02,9.2,9.98,12.2,0,0.07,28.29,15,19.29,3.25,5.25,18.76,0.22,20,18.32
,,,,,,,,,,,,,,,,,,,
89,Panjab University,2021,10.72,14.38,9.01,5.61,17.07,20.86,3,1.68,19.58,11.75,13.49,3.57,13.55,20.97,0.6,8,14.83
,,,,,,,,,,,,,,,,,,,
90,Kumaraguru College of Technology,2021,13.26,27.14,13.51,7.85,6.77,5.93,2.5,0.56,28.09,13.64,10.59,0.16,0.93,24.15,0.64,20,15.86
,,,,,,,,,,,,,,,,,,,
91,University of Petroleum and Energy Studies,2021,11.98,21.42,11.59,12.93,7.92,9.12,3,0.25,24.59,14.91,11.35,0.16,19.8,17.24,0.01,20,4.9
,,,,,,,,,,,,,,,,,,,
92,National Institute of Technology Agartala,2021,10.39,21.77,12.96,11.84,9.94,11.66,0,0.22,19.31,12.93,13.83,2.8,11.34,18.32,8.04,20,6.83
,,,,,,,,,,,,,,,,,,,
93,Vel Tech Rangarajan Dr. Sagunthala R & D Institute of Science and Technology,2021,12.02,25.25,12.19,6.35,11.61,13.25,3.5,0.13,18.53,9.07,10.78,0.16,19.38,18.7,5.53,20,4.9
,,,,,,,,,,,,,,,,,,,
94,Jaypee Institute of Information Technology,2021,12.64,19.81,11.93,8.69,10.56,11.35,1,0.2,29.11,13.82,11.54,2.32,8.67,20.63,0,20,6.83
,,,,,,,,,,,,,,,,,,,
95,College of Engineering Trivandrum,2021,11.5,30,12.57,9.78,5.09,4.3,0,0.86,24.91,15,11.94,1.55,0.58,25.73,3.85,20,14.83
,,,,,,,,,,,,,,,,,,,
96,Bharati Vidyapeeth Deemed University College of Engineering,2021,12.11,28.78,12.5,6.95,0.79,1.07,1,0.16,35.61,15,9.8,2.32,21.77,25.45,4.36,20,6.83
,,,,,,,,,,,,,,,,,,,
97,The Northcap University,2021,7.28,26.63,15.08,11.37,5.4,7.24,0,0.08,30.84,15,10.75,0.24,9.25,20.89,1.18,20,8.07
,,,,,,,,,,,,,,,,,,,
98,B. M. S. College of Engineering,2021,13.7,23.1,12.48,10.34,4.67,5.02,2,0.64,23.18,14.71,15.22,0.99,6.72,23.57,1.65,20,15.35
,,,,,,,,,,,,,,,,,,,
99,National Institute of Technology Hamirpur,2021,11.59,17.28,11.44,9.88,9.29,11.97,0,0.66,25.93,15,14.13,3.14,12.82,10.7,3.02,20,11.59
,,,,,,,,,,,,,,,,,,,
100,C.V. Raman Global University Odisha,2021,10.2,30,12.05,9.85,1.56,2.94,1,0.08,32.85,15,11.04,0,12.62,21.92,3.01,20,11.02
,,,,,,,,,,,,,,,,,,,
Rank,Institute,Year,SS,FSR,FQE,FRU,PU,QP,IPR,FPPP,GPH,GUE,MS,GPHD,RD,WD,ESCS,PCS,PR
,,,,,,,,,,,,,,,,,,,
1,Indian Institute of Technology Madras,2020,18.5,30,18.1,28.82,33.2,36.44,15,10,30.68,15,20.8,17.41,19.56,13.53,8.22,20,100
,,,,,,,,,,,,,,,,,,,
2,Indian Institute of Technology Delhi,2020,18.24,28.41,18.57,25.56,35,39.31,13,8.84,27.82,13.09,21.49,17.97,23.94,17,3.87,20,94.46
,,,,,,,,,,,,,,,,,,,
3,Indian Institute of Technology Bombay,2020,18.5,30,19.21,23.3,33.51,36.17,15,8.7,26.82,13.66,19.39,17.72,18.94,12.68,4.37,14,92.51
,,,,,,,,,,,,,,,,,,,
4,Indian Institute of Technology Kanpur,2020,18.5,25.13,16.5,26.09,29.41,31.96,13,7.71,35.08,15,21.99,16.37,18.55,7.75,7.92,20,85.78
,,,,,,,,,,,,,,,,,,,
5,Indian Institute of Technology Kharagpur,2020,17.99,24.75,16.14,18.44,32.46,39.12,10,5.53,27.7,14.2,21.3,20,20.93,10.31,5.38,20,89.31
,,,,,,,,,,,,,,,,,,,
6,Indian Institute of Technology Roorkee,2020,18.5,23.89,15.57,19.25,31.71,35.96,4,4.91,35.63,15,20.96,18.07,24.92,11.74,5.04,20,60.55
,,,,,,,,,,,,,,,,,,,
7,Indian Institute of Technology Guwahati,2020,16.61,29.16,17.48,19.79,28.8,31.04,6,4.88,30.12,15,21.78,16.12,23.12,10.86,5.15,20,62.45
,,,,,,,,,,,,,,,,,,,
8,Indian Institute of Technology Hyderabad,2020,11.5,30,16.26,24.75,20.87,20.87,5,5.73,31.45,15,19.38,5.72,16.59,13.66,5.72,20,60.42
,,,,,,,,,,,,,,,,,,,
9,National Institute of Technology Tiruchirappalli,2020,15.18,24.24,15.06,17.63,20.96,22.37,3,3.72,33.01,15,16.72,9.98,15.74,20.29,5.46,20,63.68
,,,,,,,,,,,,,,,,,,,
10,Indian Institute of Technology Indore,2020,9.83,29.5,17.09,23.47,23.25,24.44,2,3.62,28.56,15,19.82,8.72,19.42,12.09,6.25,20,27.15
,,,,,,,,,,,,,,,,,,,
11,Indian Institute of Technology (Banaras Hindu University) Varanasi,2020,16.25,23.4,14.89,17.8,20.03,23.54,2,2.19,33.8,14.22,20.24,9.51,17.05,9.99,9.03,20,53.49
,,,,,,,,,,,,,,,,,,,
12,Indian Institute of Technology (Indian School of Mines) Dhanbad,2020,15.89,19.06,12.97,16.11,27.19,30.54,2,3.39,31.15,15,16.91,9.05,20.31,6.17,8.58,20,39.78
,,,,,,,,,,,,,,,,,,,
13,National Institute of Technology Karnataka  Surathkal,2020,14.71,22.59,14.38,17.26,20.96,20.67,2,2.4,36.17,15,16.49,11,14.73,14.4,6.11,20,55.59
,,,,,,,,,,,,,,,,,,,
14,Anna University,2020,18.6,22.63,12.92,10.47,20.04,27.27,4,2.76,20,15,13.06,13.44,1.35,26.61,3.67,20,68.24
,,,,,,,,,,,,,,,,,,,
15,Vellore Institute of Technology,2020,17.54,17.83,11.25,10.17,25.66,33.13,5,0.27,23.47,11.96,13.16,14.48,17.9,20.18,0.13,20,46.29
,,,,,,,,,,,,,,,,,,,
16,National Institute of Technology Rourkela,2020,15.26,21.15,14.38,13.59,25.43,28.22,2,2.17,33.7,12.74,14.71,13.15,12.99,12.37,1.87,20,30.48
,,,,,,,,,,,,,,,,,,,
17,Jadavpur University,2020,17.07,16.83,10.03,9.8,28.1,29.58,1,3.36,31.59,14.36,15.27,15.23,4.53,12.52,5.4,18,51.61
,,,,,,,,,,,,,,,,,,,
18,Institute of Chemical Technology,2020,9.77,21.28,14.12,22.96,18.88,21.62,7,6.53,34.88,14.71,13.91,11.15,4.68,23.81,2.68,14,25.98
,,,,,,,,,,,,,,,,,,,
19,National Institute of Technology Warangal,2020,16,25.47,16.78,15.13,16.61,17.01,2,2.5,33.88,15,17.23,8.1,17.8,16.74,3.27,20,36.91
,,,,,,,,,,,,,,,,,,,
20,Amrita Vishwa Vidyapeetham,2020,16.75,24.96,13.41,10.65,25.25,21,9,1.5,30.25,15,10.9,2.85,15.84,22.66,1.57,20,28.01
,,,,,,,,,,,,,,,,,,,
21,Indian Institute of Engineering Science and Technology Shibpur,2020,13.45,25.98,15.19,14.95,22.93,21.02,1,2.67,23.86,12.92,15.02,11.37,11.56,13.8,2.56,20,45.56
,,,,,,,,,,,,,,,,,,,
22,Indian Institute of Technology Bhubaneswar,2020,9.97,29.01,17.15,20.93,15.82,16.42,1,3.93,31.15,14.03,17.51,2.08,21.36,11.34,3.57,20,39.56
,,,,,,,,,,,,,,,,,,,
23,National Institute of Technology Calicut,2020,15,26.08,16.51,13.46,14.31,13.02,3,0.97,36.67,15,16.05,10.56,14.32,22.05,7.5,20,38.04
,,,,,,,,,,,,,,,,,,,
24,Indian Institute of Technology Gandhinagar,2020,8.64,30,18.62,26.5,14.15,12.54,1,6.87,24,12.32,16.11,2.72,19.24,15.11,3.56,20,38.26
,,,,,,,,,,,,,,,,,,,
25,Indian Institute of Technology Ropar,2020,9.41,30,17.16,22.54,11.81,14.49,1.5,2.74,32.22,14.6,18.62,4.87,20.15,12.79,6.3,20,30.75
,,,,,,,,,,,,,,,,,,,
26,Indian Institute of Technology Patna,2020,9.17,30,17.02,22,18.21,16.73,1,3.3,26,12.51,18.64,5.13,16.43,8.87,6.56,20,28.57
,,,,,,,,,,,,,,,,,,,
27,Visvesvaraya National Institute of Technology Nagpur,2020,14.34,22.84,15.16,15.36,17.72,18.54,4,4.93,31.7,15,14.37,8.66,13.49,18.33,1.95,20,15.56
,,,,,,,,,,,,,,,,,,,
28,Jamia Millia Islamia,2020,9.5,27.79,15.37,10.5,21.49,21.25,3,2.37,33.7,15,15.74,7,22.4,9.8,5.8,20,11.13
,,,,,,,,,,,,,,,,,,,
29,Thapar Institute of Engineering and Technology (Deemed-to-be-university),2020,15.65,22.74,14.27,13.29,20.3,25.67,0.5,1.18,29.34,15,14.94,6.4,13.24,20.72,0.86,20,17.42
,,,,,,,,,,,,,,,,,,,
30,Birla Institute of Technology and Science Pilani,2020,17.91,17.97,11.89,14.18,15.8,17.62,1,0.44,37.97,15,19.68,4.71,22.58,13.65,0.03,20,42.47
,,,,,,,,,,,,,,,,,,,
31,Indian Institute of Technology Mandi,2020,9.7,23.51,15.73,21.44,16.49,16.13,1,3.18,28.36,15,18.83,4.92,20.84,16.78,7.08,20,21.26
,,,,,,,,,,,,,,,,,,,
32,Amity University,2020,14.7,30,15.81,10.72,22.04,18.58,9,0.5,21.54,15,10.38,4.1,14.3,22.26,0.37,20,8.05
,,,,,,,,,,,,,,,,,,,
33,Indian Institute of Space Science and Technology,2020,6.77,30,17.84,24.04,11.22,10.49,1,1.31,28.79,13.27,17.91,2.92,16.72,20.02,6.23,20,33.32
,,,,,,,,,,,,,,,,,,,
34,Siksha `O` Anusandhan,2020,16.49,30,14.24,14,11.05,14.56,3,0.79,34.12,15,10.61,8.45,13.42,30,0.83,20,10.7
,,,,,,,,,,,,,,,,,,,
35,Malaviya National Institute of Technology,2020,12.69,30,12.96,15.75,18.43,19.55,2,1.72,24.84,11.99,15.06,6,10.5,19.98,3.92,20,8.95
,,,,,,,,,,,,,,,,,,,
36,Delhi Technological University,2020,15.58,26.23,11.13,10.42,13.07,14.85,2,1.2,35.39,15,16.41,6.4,12.41,19.08,1.58,20,36.91
,,,,,,,,,,,,,,,,,,,
37,Shanmugha Arts Science Technology and Research Academy,2020,16.21,30,16.21,10.72,14.02,16.61,1,2.18,32.92,15,11.69,5.28,9.43,26.06,1.11,20,10.7
,,,,,,,,,,,,,,,,,,,
38,Birla Institute of Technology,2020,10.4,28.53,17.6,13.54,17.73,13.72,2,1.36,23.59,13.46,15.8,5.91,10.93,19.57,1.06,20,30.48
,,,,,,,,,,,,,,,,,,,
39,Aligarh Muslim University,2020,11,30,16.38,13.2,20.08,21.85,3,0.9,25.23,14.14,12.76,4.44,7,10.11,3.79,20,10.7
,,,,,,,,,,,,,,,,,,,
40,National Institute of Technology Kurukshetra,2020,13.16,22.51,12.66,15.53,19.53,18.69,2,1.42,29.76,13.56,15.15,3.18,15.26,16.51,2.98,20,17.42
,,,,,,,,,,,,,,,,,,,
41,S.R.M. Institute of Science and Technology,2020,18,21.92,11.29,10.05,15.64,19.89,6,0.43,31.99,15,11.15,5.43,19.55,20.76,0.75,20,11.55
,,,,,,,,,,,,,,,,,,,
42,Kalinga Institute of Industrial Technology,2020,19,21.98,13.63,11.47,9.54,12.58,2.5,1.17,30.47,15,11.21,9.11,25.76,29.66,0.29,20,17.79
,,,,,,,,,,,,,,,,,,,
43,International Institute of Information Technology Hyderabad,2020,8.71,17.46,12.1,14.74,17.01,14.49,2,3.15,33.62,12.39,25,2.92,20.05,12.64,0.23,20,24.77
,,,,,,,,,,,,,,,,,,,
44,Sri Sivasubramaniya Nadar College of Engineering,2020,14,25.57,14.51,11.94,15.24,14.07,1,0.79,33.22,14.75,11.63,4.21,3.54,26.62,3.31,20,20.25
,,,,,,,,,,,,,,,,,,,
45,Manipal Institute of Technology,2020,15.5,28.81,14.26,11.75,11.14,11.54,2,0.18,23.03,15,14.27,2.3,19.4,21.08,1.74,20,33.57
,,,,,,,,,,,,,,,,,,,
46,National Institute of Technology Silchar,2020,12.77,22.16,14.65,12.04,16.19,17.69,1,0.52,27.17,14.71,13.79,6.62,12.85,12.14,6.7,20,19.21
,,,,,,,,,,,,,,,,,,,
47,National Institute of Technology Durgapur,2020,12.27,18.67,11.36,12.47,18.5,17.79,0.5,0.2,29.66,14.52,14.72,5.53,12.66,11.13,6.43,20,29.68
,,,,,,,,,,,,,,,,,,,
48,Motilal Nehru National Institute of Technology,2020,15.33,19.53,12.37,12.48,13.58,14.71,1,1.27,30.48,14.67,16.69,7.16,12.92,13.53,4.27,20,22.89
,,,,,,,,,,,,,,,,,,,
49,PSG College of Technology,2020,15.5,29.08,14.07,10.7,6.9,8.57,3,1.25,23.89,14.52,11.15,2.58,1.19,25.16,2.35,20,51.77
,,,,,,,,,,,,,,,,,,,
50,College of Engineering Pune,2020,11,24.48,12.4,14.05,10.44,7.49,2,1.95,35.33,15,15.76,1.47,3.15,24.12,4.58,20,29.4
,,,,,,,,,,,,,,,,,,,
51,Sathyabama Institute of Science and Technology,2020,14.34,23.36,12.43,8.93,13.57,11.96,6,0.24,33.82,15,10.15,5.18,18.19,22.73,3.29,20,2.69
,,,,,,,,,,,,,,,,,,,
52,Dr. B R Ambedkar National Institute of Technology Jalandhar,2020,12.18,28.58,13.71,11.71,10.49,12.93,2,0.57,26.65,14.46,14.5,4.15,12.88,19.57,6.21,20,9.84
,,,,,,,,,,,,,,,,,,,
53,Indian Institute of Technology Jodhpur,2020,7.44,24.34,15.33,20.61,12.37,11.68,0,2.13,21.42,13.52,17.86,3.37,17.75,15.93,5.61,20,8.05
,,,,,,,,,,,,,,,,,,,
54,Sardar Vallabhbhai National Institute of Technology,2020,14.38,20.38,11.53,11.19,12.86,14.91,2,1.43,27.51,14.66,15.21,5.08,12.98,18.7,3.44,20,9.84
,,,,,,,,,,,,,,,,,,,
55,Visvesvaraya Technological University,2020,5.91,25.89,12.87,21.67,14.8,12.49,0,3.69,29.53,14.88,8.73,0,1.65,27.54,0,20,6.18
,,,,,,,,,,,,,,,,,,,
56,Indraprastha Institute of Information Technology,2020,8.89,14.55,10.03,21.72,15.49,12.7,0,1.61,30.99,13.86,20.01,2.72,10.42,10.47,0.26,20,18.86
,,,,,,,,,,,,,,,,,,,
57,Jawaharlal Nehru Technological University,2020,13.69,25.42,12.96,19.65,12.88,11.29,2,3.06,13.08,14.7,10.81,2.3,1.68,27.45,4.77,20,11.13
,,,,,,,,,,,,,,,,,,,
58,Koneru Lakshmaiah Education Foundation University (K L College of Engineering),2020,16.92,30,16.84,6.92,13.18,13.04,2,0.36,15.33,15,10.11,3.8,9.77,24.71,0.03,20,6.18
,,,,,,,,,,,,,,,,,,,
59,M. S. Ramaiah Institute of Technology,2020,12.13,29.45,14.35,9.6,5.92,6.1,1.5,0.46,33.06,15,13.21,1.47,9.06,23.97,2.28,20,18.15
,,,,,,,,,,,,,,,,,,,
60,Kalasalingam Academy of Research and Education,2020,13.68,30,15.12,9.86,6.43,9.09,2,0.91,28.75,13.76,10.36,1.39,8.84,28.01,5.2,20,5.21
,,,,,,,,,,,,,,,,,,,
61,National Institute of Technology Meghalaya,2020,5.99,30,15.73,14.54,9.72,9.45,0,1.48,26.58,14.08,13.01,0.98,12.22,16.68,10.45,20,7.59
,,,,,,,,,,,,,,,,,,,
62,International Institute of Information Technology Bangalore,2020,5.84,23,14.95,15.84,6.35,3.3,1,6.98,24.15,15,24.24,0.55,20.69,17.3,0,20,17.79
,,,,,,,,,,,,,,,,,,,
63,Defence Institute of Advanced Technology,2020,4.78,26.79,16.35,16.52,14.7,13.01,1,4.25,14.53,10.6,16.34,2.92,11.52,16.05,0,20,2.69
,,,,,,,,,,,,,,,,,,,
64,Thiagarajar College of Engineering,2020,11.5,25.6,13.39,9.18,7.34,8.68,0.5,1.81,30.82,15,11.51,1.78,0.38,27.22,3.94,20,27.44
,,,,,,,,,,,,,,,,,,,
65,Maulana Azad National Institute of Technology,2020,13.65,16.86,11.24,10.8,11.69,13.75,2,0.92,29.21,15,14.94,5.13,14.16,17.28,1.9,14,3.2
,,,,,,,,,,,,,,,,,,,
66,Indian Institute of Information Technology Guwahati,2020,4.61,30,16.02,13.58,2.94,2.62,0,1.23,29.11,15,14.41,0,19.77,17.54,0.12,15,36.68
,,,,,,,,,,,,,,,,,,,
67,National Institute of Technology Raipur,2020,12.37,21.86,13.63,11.02,10.85,12.51,0,0.9,23.31,15,14.94,3.74,11.51,18.2,0.99,20,1.63
,,,,,,,,,,,,,,,,,,,
68,Punjab Engineering College (Deemed to be University) Chandigarh,2020,11.72,19.3,11.19,13.45,6.21,6.96,0,1.02,31.18,15,15.48,2.44,14.28,20.52,1.85,20,19.9
,,,,,,,,,,,,,,,,,,,
69,AU College of Engineering Visakhapatnam,2020,12,23.5,15.14,14.68,3.92,3.56,0.5,2.07,32,15,11.39,5.33,1.41,28.58,4.36,20,5.69
,,,,,,,,,,,,,,,,,,,
70,R.V. College of Engineering,2020,13.5,26.37,13.68,9.52,7.23,4.41,1,0.66,28.42,14.79,15.86,0.72,6.18,23.23,0.89,18,13.2
,,,,,,,,,,,,,,,,,,,
71,Veermata Jijabai Technological Institute,2020,11.5,22.89,11.5,11.4,4.29,3.95,0.5,2.3,34.94,15,16.15,2.08,3.2,23.5,6.23,20,11.55
,,,,,,,,,,,,,,,,,,,
72,Panjab University,2020,10.79,14.84,8.63,6.57,17.64,21.24,3,1.67,22.03,11.95,14.23,3.44,15.48,21.13,0.67,3,7.59
,,,,,,,,,,,,,,,,,,,
73,B. M. S. College of Engineering,2020,13.81,24.57,12.71,10.98,4.05,4.13,3,0.74,24.59,14.84,15.38,0.72,7.64,23.54,1.39,20,17.79
,,,,,,,,,,,,,,,,,,,
74,Indian Institute of Food Processing Technology (IIFPT),2020,4.59,30,17.09,18.49,0.59,1.04,0,3.77,30,15,7.69,0.81,8.44,29.44,1.07,20,9.84
,,,,,,,,,,,,,,,,,,,
75,National Institute of Technology Agartala,2020,10.39,22.41,12.87,12.01,9.97,11.34,0,0.24,18.94,12.85,13.12,3.31,11.22,19.23,4.93,20,10.27
,,,,,,,,,,,,,,,,,,,
76,Netaji Subhas University of Technology (NSUT),2020,13.3,17.9,8.54,9.86,11.1,11.48,0,0.1,25.33,13.29,19.4,4.38,5.11,19.27,0.17,20,13.6
,,,,,,,,,,,,,,,,,,,
77,National Institute of Technology Goa,2020,5.69,23.25,14.13,14.31,8.61,7.86,0,1.86,24.36,12.77,14.26,0.72,15.63,18.93,2.22,20,11.13
,,,,,,,,,,,,,,,,,,,
78,Shri Mata Vaishno Devi University,2020,7.98,29.78,17.58,14.06,6.71,9.74,1,1.18,16.54,13.38,10.73,1.15,5.94,19.47,2.59,20,1.1
,,,,,,,,,,,,,,,,,,,
79,National Institute of Technology Jamshedpur,2020,11.61,18.77,12.76,13.5,4.74,7.06,0,1.05,32.08,15,14.94,2.85,13.95,9.38,1.61,20,11.13
,,,,,,,,,,,,,,,,,,,
80,Karunya Institute of Technology and Sciences,2020,12.95,22.77,12.62,8.15,8.76,10.43,1,0.31,25.42,14.67,9.04,1.63,11.69,22.55,0.6,20,6.65
,,,,,,,,,,,,,,,,,,,
81,Indian Institute of Information Technology Design & Manufacturing Jabalpur,2020,8.47,14.4,9.73,12.82,14.54,14.47,0.5,1.38,24.04,15,15.92,4.44,18.85,8.47,3.15,13,1.63
,,,,,,,,,,,,,,,,,,,
82,Kumaraguru College of Technology,2020,13.5,27.47,13.61,8.53,4.47,3.84,2.5,0.54,28.8,14.46,11.04,0.09,0.31,24.37,0.69,20,14.79
,,,,,,,,,,,,,,,,,,,
83,Sri Krishna College of Engineering and Technology,2020,12,28.94,11.07,10.68,0.86,1.69,1,0.71,36.01,15,11.95,0.09,1.02,24.88,2.64,20,12.79
,,,,,,,,,,,,,,,,,,,
84,Chandigarh University,2020,17,23.85,11.17,12.36,1.35,2.72,0,0.66,23.75,15,11.84,1.39,22.85,27.49,4.39,20,2.16
,,,,,,,,,,,,,,,,,,,
85,College of Engineering Trivandrum,2020,11.5,26.19,11.35,10.34,5.19,4.38,0,0.83,26.72,15,11.71,2.15,0.62,25.37,3.99,20,16.31
,,,,,,,,,,,,,,,,,,,
86,Guru Gobind Singh Indraprastha University,2020,6.08,20.36,11.54,8.41,18.55,13.72,0,0.04,20.29,15,14.04,0,7.82,19.54,0.25,20,3.71
,,,,,,,,,,,,,,,,,,,
87,Lovely Professional University,2020,17,23.05,8.82,9.25,5.74,7.29,2,0.16,21.94,15,10.38,1.23,24.49,18.12,2.5,20,2.16
,,,,,,,,,,,,,,,,,,,
88,University of Hyderabad,2020,12,25.54,13.02,10.32,0.39,0.41,1,2.49,35.11,13.53,14.48,2.08,3.72,26.8,3.15,20,4.72
,,,,,,,,,,,,,,,,,,,
89,Graphic Era University,2020,10.11,26.43,11.88,10.27,5.17,5.35,1.5,0.87,23.05,13.9,9.91,1.15,15.2,22.77,0.41,20,14
,,,,,,,,,,,,,,,,,,,
90,Coimbatore Institute of Technology,2020,11.5,30,14.53,8.84,2.47,4.09,0,0.33,21.27,12.66,10.64,1.23,0.22,25.31,3.1,20,26.86
,,,,,,,,,,,,,,,,,,,
91,Siddaganga Institute of Technology,2020,10.14,27.68,13.65,8.86,4.7,5.45,3,0.28,28.77,13.28,11.9,0.64,4.98,24.56,0.63,20,1.63
,,,,,,,,,,,,,,,,,,,
92,National Institute of Technology Patna,2020,10.91,17.79,11.73,12.06,7.07,7.79,0,1.74,29.51,13.06,14.75,1.78,9.75,9.94,3.74,20,13.2
,,,,,,,,,,,,,,,,,,,
93,C.V. Raman Global University Odisha,2020,9.92,27.72,10.72,11.13,1.83,2.6,0.5,0.13,32.03,15,11.66,0,13.65,21.21,2.79,20,10.7
,,,,,,,,,,,,,,,,,,,
94,PES University,2020,13.26,22.07,10.97,11.25,6.03,4.25,1.5,0.42,26.33,15,13.89,0.09,5.4,23.34,0.49,20,10.27
,,,,,,,,,,,,,,,,,,,
95,Vel Tech Rangarajan Dr. Sagunthala R & D Institute of Science and Technology,2020,11.34,26.29,10.92,9.15,8.63,11.86,3.5,0.1,17.03,8.83,10.32,0.19,17.33,18.59,3.96,20,0.55
,,,,,,,,,,,,,,,,,,,
96,Jaypee Institute of Information Technology,2020,13.11,18.88,10.6,8.27,9.17,10.03,0,0.19,25.59,13.5,11.5,2.79,9.3,21.34,0,20,9.84
,,,,,,,,,,,,,,,,,,,
97,University College of Engineering  Kakinada,2020,8.66,29.79,11.56,8.25,5.06,3.67,0,1.68,32.38,15,11.01,1.15,0.62,26.84,3.51,20,1.63
,,,,,,,,,,,,,,,,,,,
98,National Institute of Technology Hamirpur,2020,11.59,14.07,9.43,10.23,9.94,11.87,0,0.81,26.95,15,14.45,4.55,12.66,9.05,4.13,20,5.69
,,,,,,,,,,,,,,,,,,,
99,Bharati Vidyapeeth Deemed University College of Engineering,2020,12.37,24.71,10.43,7.11,1.1,1.05,1,0.2,35.28,15,12.75,2.37,20.73,20.89,4.44,20,6.18
,,,,,,,,,,,,,,,,,,,
100,Atal Bihari Vajpayee Indian Institute of Information Technology and Management,2020,5.52,15.31,10.88,14.27,8.02,7.47,0.5,1.53,28.84,14.01,17.88,1.63,18.79,11.73,2.69,20,7.59
,,,,,,,,,,,,,,,,,,,
Rank,Institute,Year,SS,FSR,FQE,FRU,PU,QP,IPR,FPPP,GPH,GUE,MS,GPHD,RD,WD,ESCS,PCS,PR
,,,,,,,,,,,,,,,,,,,
1,Indian Institute of Technology Madras,2019,18.5,30,18.34,26.71,33.22,36.51,13,9.65,32.05,15,20.8,16.51,21.84,13.72,8.44,20,100
,,,,,,,,,,,,,,,,,,,
2,Indian Institute of Technology Delhi,2019,17.18,27.96,17.51,23.15,35,39.84,12,9.35,27.05,13.66,21.53,18.08,21.99,13.87,2.33,18,90.85
,,,,,,,,,,,,,,,,,,,
3,Indian Institute of Technology Bombay,2019,18.5,30,19.28,21.35,34.19,36.66,15,9.44,25.18,13.89,19.42,17.97,19.63,12.27,2.27,14,89.61
,,,,,,,,,,,,,,,,,,,
4,Indian Institute of Technology Kharagpur,2019,17.98,23.63,15.4,16.14,33,39.21,10,6,28.44,14.22,21.46,20,21.24,9.56,6.99,20,84.14
,,,,,,,,,,,,,,,,,,,
5,Indian Institute of Technology Kanpur,2019,17.44,24.44,16.45,20.74,29.51,32.5,12,7.78,31.34,12.18,22.87,16.18,18.26,7.78,7.57,13,81.35
,,,,,,,,,,,,,,,,,,,
6,Indian Institute of Technology Roorkee,2019,17.82,24.2,15.8,17.23,31.79,37.23,2,4.89,35.58,15,20.45,18.81,24.05,11.46,3.14,20,54.61
,,,,,,,,,,,,,,,,,,,
7,Indian Institute of Technology Guwahati,2019,15.15,30,18.07,19.33,28.37,30.3,0,4.92,28,13.29,22.08,15.07,23.19,10.71,4.97,20,54.49
,,,,,,,,,,,,,,,,,,,
8,Indian Institute of Technology Hyderabad,2019,10.5,30,16.61,21.81,20.26,20.24,3,5.67,33.14,15,18.82,4.75,16.83,13.68,5.71,20,55.38
,,,,,,,,,,,,,,,,,,,
9,Anna University,2019,19.05,22.11,12.65,9.36,27.6,30.43,3,3.1,20.01,14.7,13.84,14.7,1.82,27.22,3.62,20,70.13
,,,,,,,,,,,,,,,,,,,
10,National Institute of Technology Tiruchirappalli,2019,15.01,23.27,13.99,16.09,20.72,21.97,0,3.95,31.82,15,16.62,9.32,16.7,20.53,4.97,20,63.54
,,,,,,,,,,,,,,,,,,,
11,Indian Institute of Technology (Banaras Hindu University) Varanasi,2019,16.07,21.96,13.96,16.62,19.42,23.11,1,2.1,33.72,14.28,19.68,9.68,16.91,8.63,7.62,20,47.42
,,,,,,,,,,,,,,,,,,,
12,Institute of Chemical Technology,2019,9.59,24.49,15.78,17.9,19.28,22.44,8,7.58,35.83,14.65,14.83,11,3.12,23.58,2.98,20,19.77
,,,,,,,,,,,,,,,,,,,
13,Indian Institute of Technology Indore,2019,8.45,27.19,16.69,23.32,21.75,22.57,1,3.85,28.33,15,20.07,6.78,19.5,10.75,7.05,20,21.29
,,,,,,,,,,,,,,,,,,,
14,Jadavpur University,2019,16.82,16.73,11.02,8.82,28.99,30.11,3,3.61,30.63,13.61,14.89,15.65,4.23,12.6,1,20,46.2
,,,,,,,,,,,,,,,,,,,
15,Indian Institute of Technology (Indian School of Mines) Dhanbad,2019,16.06,19.52,13.12,14.92,25.16,29.82,0.5,3.64,28.63,14.62,17.39,9.39,20.7,6.26,5.16,6,35.31
,,,,,,,,,,,,,,,,,,,
16,National Institute of Technology Rourkela,2019,15.23,19.22,13.11,12.43,24.88,27.88,1,2.29,34.82,13.16,14.83,12.89,13.03,11.52,1.79,20,31.6
,,,,,,,,,,,,,,,,,,,
17,Indian Institute of Technology Bhubaneswar,2019,8.75,30,17.16,21.59,16.02,16.14,1,4.62,32.94,13.37,17.5,1.23,21.15,11.93,4.22,20,34.78
,,,,,,,,,,,,,,,,,,,
18,Vellore Institute of Technology,2019,16.54,17.43,10.77,9.91,24.43,30.52,2,0.39,25.26,12.03,12.72,13.56,16.9,19.65,0.14,20,44.81
,,,,,,,,,,,,,,,,,,,
19,Indian Institute of Engineering Science and Technology Shibpur,2019,13.65,29.16,16.71,14.14,22.6,20.18,1,1.99,23.55,12.7,15.63,7.92,9.47,14.72,3.04,20,38.39
,,,,,,,,,,,,,,,,,,,
20,Indian Institute of Technology Mandi,2019,9.98,30,17.32,21.31,15.62,15.36,0,3.59,28.67,14.85,20.03,4.52,21.62,18.52,5.51,20,18.72
,,,,,,,,,,,,,,,,,,,
21,National Institute of Technology Karnataka  Surathkal,2019,15.98,18.95,12.79,11.76,19.38,19,1,1.93,33.72,15,16.96,9.78,15.39,12.46,2.55,20,48.85
,,,,,,,,,,,,,,,,,,,
22,Indian Institute of Technology Patna,2019,9.03,30,16.93,19.16,17.71,16.79,0,4.57,29.13,12.36,19.08,4.46,16.72,8.12,5.64,20,25.54
,,,,,,,,,,,,,,,,,,,
23,Thapar Institute of Engineering and Technology (Deemed-to-be-university),2019,16.5,25.96,15.15,11.91,19.52,23.27,0.5,1.68,30.77,15,15.63,5.88,13.56,21.43,0.65,20,13.66
,,,,,,,,,,,,,,,,,,,
24,Indian Institute of Technology Gandhinagar,2019,8.05,30,17.52,25.02,13.05,11.68,0,6.28,24.53,12.64,16.88,2.22,18.07,18.08,5.2,20,34.59
,,,,,,,,,,,,,,,,,,,
25,Birla Institute of Technology and Science Pilani,2019,16.5,18.54,12.13,16.44,15.61,18.04,1,0.5,32.59,15,19.59,4.22,22.32,14.17,0,18,44.67
,,,,,,,,,,,,,,,,,,,
26,National Institute of Technology Warangal,2019,15,23.17,15.02,15,15.55,14.96,0,1.26,32.59,15,17.6,7.3,16.4,14.89,3.69,20,32.17
,,,,,,,,,,,,,,,,,,,
27,Jamia Millia Islamia,2019,10.5,28.64,15.76,9.35,20.08,18.61,1,2.5,35.17,15,17.39,7.55,16.94,9.23,4.74,20,10.88
,,,,,,,,,,,,,,,,,,,
28,National Institute of Technology Calicut,2019,15,22.86,14.16,11.44,13.83,12.51,0.5,1.38,36.4,15,16.21,9.39,13.77,22.6,4.71,20,36.71
,,,,,,,,,,,,,,,,,,,
29,Indian Institute of Technology Ropar,2019,8.67,30,17.11,21.06,11.75,14.56,0,2.91,27,14.68,18.56,4.34,22.21,12.68,5.21,20,16.27
,,,,,,,,,,,,,,,,,,,
30,Indian Institute of Space Science and Technology,2019,6.88,30,18.04,22.59,10.63,10.61,0,1.51,27.5,13.12,18.44,2.89,17.1,20.14,4.97,14,40.33
,,,,,,,,,,,,,,,,,,,
31,Visvesvaraya National Institute of Technology Nagpur,2019,13.2,22.89,15.14,13.57,15.24,16.73,3,5.52,28.95,15,14.82,6.32,14.41,18.24,5.01,20,8.92
,,,,,,,,,,,,,,,,,,,
32,Siksha `O` Anusandhan,2019,15.64,30,14.46,11.25,10.79,12.66,2,0.86,32.58,15,11.17,7.68,11.35,28.85,0.33,20,17.65
,,,,,,,,,,,,,,,,,,,
33,Birla Institute of Technology,2019,10.57,26.57,16.62,13.08,18.7,14,1.5,1.6,23.84,14.29,15.68,3.97,11.31,19.66,1.02,20,25.54
,,,,,,,,,,,,,,,,,,,
34,Delhi Technological University,2019,15.89,23.57,12.06,8.75,12.39,14.19,0,1.5,34.64,15,16.06,6.36,12.4,19.24,1.74,20,37.22
,,,,,,,,,,,,,,,,,,,
35,Amity University,2019,15.71,28.6,15.81,9.39,19.32,16.36,5,0.59,18.79,15,10.72,3.78,14.59,21.71,0.03,20,5.07
,,,,,,,,,,,,,,,,,,,
36,S.R.M. Institute of Science and Technology,2019,17.94,22.09,10.78,9.04,13.62,17.22,2,0.55,32.8,15,11.86,3.38,20.71,21.18,0.29,20,21.53
,,,,,,,,,,,,,,,,,,,
37,Sri Sivasubramaniya Nadar College of Engineering,2019,15,27.21,15.49,11.43,15.1,12.37,0,1.03,33.32,15,11.8,3.51,2.77,26.72,3.17,20,16.55
,,,,,,,,,,,,,,,,,,,
38,Shanmugha Arts Science Technology and Research Academy,2019,16.5,26.65,14.21,8.43,13.31,14.74,1.5,1.49,33.27,15,11.47,4.92,9.02,26.72,0.68,20,12.14
,,,,,,,,,,,,,,,,,,,
39,International Institute of Information Technology Hyderabad,2019,8.08,18.59,12.66,13.74,16.72,13.89,0,3.58,33.2,12.39,25,2.82,18.24,14.15,0.11,20,26.21
,,,,,,,,,,,,,,,,,,,
40,Aligarh Muslim University,2019,11,30,16.44,11.95,18.41,20,0,1.05,21.18,14.32,13.95,3.84,5.86,10.53,3.7,12,12.14
,,,,,,,,,,,,,,,,,,,
41,National Institute of Technology Kurukshetra,2019,12.69,24.39,12.53,11.76,17.96,15.95,1,1.72,27.1,13.23,15.85,2.29,13.95,19.18,2.08,16,13.66
,,,,,,,,,,,,,,,,,,,
42,Motilal Nehru National Institute of Technology,2019,16.2,18.27,11.4,17.26,12.74,14.09,0,1.56,28.26,14.31,17.05,5.93,14.78,12.29,2.42,20,19.77
,,,,,,,,,,,,,,,,,,,
43,Manipal Institute of Technology,2019,14.5,29.25,13.69,10.98,8.3,8.79,3,0.6,23.02,15,14.33,1.57,20.26,21.06,1.27,20,35.31
,,,,,,,,,,,,,,,,,,,
44,PSG College of Technology,2019,14.5,30,14.49,9.98,7.81,8.21,0,1.39,25.79,14.86,11.57,1.14,1.05,25.21,2.48,20,58.35
,,,,,,,,,,,,,,,,,,,
45,Jawaharlal Nehru Technological University,2019,14.13,23.87,11.88,21.32,14.2,11.43,0,3.02,25.67,15,12.37,1.98,1.66,27.73,5.24,15,12.14
,,,,,,,,,,,,,,,,,,,
46,National Institute of Technology Durgapur,2019,13.47,16.81,10.88,11.67,18.1,16.99,0,1.06,30.22,15,14.04,4.03,13.32,10.77,4.45,18,24.63
,,,,,,,,,,,,,,,,,,,
47,Sathyabama Institute of Science and Technology,2019,16.26,24.04,12.54,8.58,17.14,10.25,0,0.9,30.81,15,10.83,5.62,17.77,20.99,3.17,20,5.07
,,,,,,,,,,,,,,,,,,,
48,Kalinga Institute of Industrial Technology,2019,19,22.67,13.31,10.61,8.28,10.26,0,0.62,26.08,15,11.7,8.81,22.21,25.22,1.08,20,13.36
,,,,,,,,,,,,,,,,,,,
49,College of Engineering Pune,2019,12.5,22.3,11.13,12.23,14.25,8.96,1.5,1.46,31.5,15,16.19,1.49,3.15,24.19,4.45,20,25.77
,,,,,,,,,,,,,,,,,,,
50,Indian Institute of Technology Jodhpur,2019,8,24.89,15.89,18.9,11.07,10.44,0,1.94,22.89,13.88,18.35,1.9,19.57,17.81,5.88,20,6.86
,,,,,,,,,,,,,,,,,,,
51,National Institute of Technology Silchar,2019,12.71,22.75,13.95,11.9,13.7,15.43,0,0.72,27.93,14.8,13.94,5.03,13.12,11.73,2.57,20,11.83
,,,,,,,,,,,,,,,,,,,
52,Koneru Lakshmaiah Education Foundation University (K L College of Engineering),2019,15.97,30,16.35,8.56,9.77,10.66,1,0.37,28.94,15,10.75,3.58,8.28,24.45,3.33,20,3.19
,,,,,,,,,,,,,,,,,,,
53,Malaviya National Institute of Technology,2019,13.4,16.37,11.16,14.8,16.77,18.21,1,2.22,23.67,12.19,15.43,7.05,11.56,12.02,3.04,20,6.86
,,,,,,,,,,,,,,,,,,,
54,Panjab University,2019,10.97,15.81,8.89,6.15,19.56,22.26,6,2.8,23.99,12.04,13.71,2.06,14.95,21.52,0.25,8,10.24
,,,,,,,,,,,,,,,,,,,
55,Indraprastha Institute of Information Technology,2019,8.53,16.51,11.19,20.32,12.23,9.98,0,1.87,32.81,14.56,20.1,1.9,10.31,10.97,0.22,20,12.76
,,,,,,,,,,,,,,,,,,,
56,Thiagarajar College of Engineering,2019,12.5,27.18,13.79,8.22,8.73,8.6,0,1.65,28.18,15,11.99,1.57,0.23,27.67,1.33,20,29.2
,,,,,,,,,,,,,,,,,,,
57,Defence Institute of Advanced Technology,2019,5.25,28.94,17.24,15.25,14.52,12.78,0,5.12,12.17,8.37,17,3.1,13.59,14.1,0,20,5.8
,,,,,,,,,,,,,,,,,,,
58,Sardar Vallabhbhai National Institute of Technology,2019,13.06,17.37,10.5,10.08,11.85,14.15,0,1.6,26.41,14.62,15.6,4.28,12.74,15.63,2.93,20,9.92
,,,,,,,,,,,,,,,,,,,
59,College of Engineering Visakhapatnam,2019,12,25.11,15.92,12.76,2.92,2.58,0,1.9,35.88,15,11.8,4.98,3.4,28,4.49,20,6.51
,,,,,,,,,,,,,,,,,,,
60,National Institute of Technology Hamirpur,2019,11.3,21.97,12.71,8.72,10.32,11.61,0,1.06,25.9,15,14.6,4.98,12.92,15.26,3.93,20,8.59
,,,,,,,,,,,,,,,,,,,
61,Kalasalingam Academy of Research and Education,2019,12.56,30,14.86,10.18,5.19,6.57,2,0.33,28.25,13.54,10.86,1.31,8.91,25.38,1.41,20,3.95
,,,,,,,,,,,,,,,,,,,
62,Maulana Azad National Institute of Technology,2019,13.77,18.48,12.15,8.88,10.55,12.55,0,0.95,31.37,15,15.08,5.14,15.09,18.86,0.79,6,3.95
,,,,,,,,,,,,,,,,,,,
63,R.V. College of Engineering,2019,13.5,27.52,13.79,8.77,6.28,3.76,0,0.77,30.18,15,15.22,0.59,6.73,23.24,0.65,20,13.06
,,,,,,,,,,,,,,,,,,,
64,M. S. Ramaiah Institute of Technology,2019,12.14,28.29,13.63,8.82,4.37,3.85,0,0.38,31.02,15,13.89,0.59,9.24,24.44,2.64,20,13.66
,,,,,,,,,,,,,,,,,,,
65,International Institute of Information Technology Bangalore,2019,5.31,21.3,13.27,14.94,6.47,2.87,0,4.93,27.2,15,19.17,0.59,19.05,16.71,0,20,18.19
,,,,,,,,,,,,,,,,,,,
66,National Institute of Industrial Engineering,2019,4.48,28.49,16.46,15.37,0.95,2.19,0,1.32,28.35,15,22.8,1.4,19.02,18.16,0,20,4.7
,,,,,,,,,,,,,,,,,,,
67,National Institute of Technology Meghalaya,2019,6.42,30,15.56,13.86,8.35,8,0,1.85,17.23,13.72,12.6,0.78,12.97,15.55,9.61,20,4.33
,,,,,,,,,,,,,,,,,,,
68,Coimbatore Institute of Technology,2019,11.26,30,14.06,8.14,3.45,4.49,0,1.81,25.53,13.45,10.93,1.05,0.77,25.6,0.11,20,32.94
,,,,,,,,,,,,,,,,,,,
69,B. M. S. College of Engineering,2019,13.76,25.92,12.78,9.53,3.03,3.18,1,0.8,27.73,15,15.96,0.3,7.86,23.64,1.51,20,15.71
,,,,,,,,,,,,,,,,,,,
70,National Institute of Technology Agartala,2019,11.34,23.97,13.28,10.03,9.53,10.26,0,0.79,19.21,12.62,13.61,3.58,11.38,19.11,1.97,20,7.22
,,,,,,,,,,,,,,,,,,,
71,College of Engineering Trivandrum,2019,11.5,27.95,11.35,9.15,4.41,3.72,0,0.77,31.56,15,12.5,1.9,0.62,25.17,3.61,20,16.27
,,,,,,,,,,,,,,,,,,,
72,Karunya Institute of Technology and Sciences,2019,13.32,22.73,11.72,7.69,7.06,9.62,1,0.42,23.81,14.18,10.27,1.14,12.11,23.14,0.23,20,18.72
,,,,,,,,,,,,,,,,,,,
73,Guru Gobind Singh Indraprastha University,2019,6.5,23.68,12.33,7.39,17.53,12.56,0.5,0.01,20.99,14.86,14.35,0,5.8,20.43,0.02,20,3.95
,,,,,,,,,,,,,,,,,,,
74,National Institute of Technology Raipur,2019,12.31,21.87,13.15,9.14,8.35,10.69,0,1.07,22.22,14.88,15.08,2.29,11.32,17.46,0.62,20,2.81
,,,,,,,,,,,,,,,,,,,
75,Pandit Dwarka Prasad Mishra Indian Institute of Information Technology  Design and Manufacturing (IIITDM),2019,7.45,15.46,10.36,11.49,13.48,13.61,0,0.94,26.97,13.73,16.15,4.09,19.14,10.35,7.41,9,3.19
,,,,,,,,,,,,,,,,,,,
76,Pondicherry Engineering College,2019,10.96,25.02,13.28,10.66,10.2,7.33,0,0.84,16.65,14.01,11.39,3.97,3.18,26.64,6.92,8,13.96
,,,,,,,,,,,,,,,,,,,
77,Kumaraguru College of Technology,2019,13.5,26.99,12.97,7.64,3.08,2.94,2,0.56,30.28,15,12.02,0.1,0.27,24.56,0.8,20,15.99
,,,,,,,,,,,,,,,,,,,
78,PEC University of Technology,2019,11.46,16.35,10.11,11.92,5.96,5.57,0,1.1,29.36,15,15.8,1.82,14.41,20.5,1.58,20,16.27
,,,,,,,,,,,,,,,,,,,
79,Siddaganga Institute of Technology,2019,9.66,28.74,13.5,8.5,3.48,4.16,3,0.73,29.41,14.03,12.34,0.3,5.66,24.7,0.48,20,1.63
,,,,,,,,,,,,,,,,,,,
80,Jaypee Institute of Information Technology,2019,12.62,17.32,9.7,7.89,8.65,9.32,0,0.21,26.56,14.7,11.91,2.82,11.54,22.04,0,20,15.99
,,,,,,,,,,,,,,,,,,,
81,Atal Bihari Vajpayee Indian Institute of Information Technology and Management,2019,5.62,16.99,11.54,12.75,10.62,8.13,0,1.37,25.74,14.41,16.97,1.4,19.29,12.69,4.88,20,3.19
,,,,,,,,,,,,,,,,,,,
82,Indian Institute of Information Technology Allahabad,2019,9.59,12.81,8.49,11.76,7.68,8.05,0,0.65,27.65,14.5,23.26,3.45,14.54,9.43,1.48,20,17.1
,,,,,,,,,,,,,,,,,,,
83,University of Hyderabad,2019,11,27.51,13.96,8.45,1.23,1.1,0,1.45,34.66,13.88,15.08,1.82,3.43,25.87,2.94,18,1.63
,,,,,,,,,,,,,,,,,,,
84,Dayalbagh Educational Institute,2019,7.65,30,16.24,7.03,2.59,3.44,0,0.95,25.49,15,11.44,1.14,6.69,22.63,2.48,20,14.26
,,,,,,,,,,,,,,,,,,,
85,Shri Mata Vaishno Devi University,2019,5.09,30,16.81,12.94,6.05,9.16,0,0.78,19.73,14.4,11.36,0.3,6.96,14.47,1.09,15,1.63
,,,,,,,,,,,,,,,,,,,
86,Vel Tech Rangarajan Dr. Sagunthala R & D Institute of Science and Technology,2019,10.75,24.04,9.55,9.15,8.64,13.72,3,0.16,17.84,9.33,10.17,0.1,18.55,18.31,0.96,20,2.41
,,,,,,,,,,,,,,,,,,,
87,National Institute of Technology Goa,2019,5.99,25.76,14.38,13.1,5.79,4.98,0,2.03,21.15,13.49,15.03,0.49,17.52,17.83,2.02,11,5.8
,,,,,,,,,,,,,,,,,,,
88,Mepco Schlenk Engineering College,2019,9.9,23.25,11.08,7.15,5.76,5.83,5,0.15,24.28,15,11.14,0.59,0.1,27.4,0.7,20,14.55
,,,,,,,,,,,,,,,,,,,
89,Sri Venkateswara University,2019,9.74,18.96,9.49,9.19,13.58,14.59,0,1.73,17.96,13.06,11.41,0.78,0.15,25.41,3.63,16,3.19
,,,,,,,,,,,,,,,,,,,
90,Government College of Technology Coimbatore,2019,10.75,24.32,11.68,5.57,3.28,4.53,0,0.49,23.62,15,11.25,1.9,0.17,26.42,5.3,20,26.87
,,,,,,,,,,,,,,,,,,,
91,Army Institute of Technology,2019,7.5,25.33,10.18,10.17,0.76,0.62,1,0.09,36.4,15,13.46,0,25,18.91,0.49,14,8.92
,,,,,,,,,,,,,,,,,,,
92,Dhirubhai Ambani Institute of Information and Communication Technology,2019,7.54,20.41,11.38,9.66,5.18,4.03,0,0.85,30.29,14.95,17.93,1.74,5.42,19.52,1.87,20,10.24
,,,,,,,,,,,,,,,,,,,
93,Bharati Vidyapeeth Deemed University College of Engineering,2019,12.5,23.56,10.11,7.14,0.98,1.38,1,0.25,30.54,14.11,12.75,1.98,21.05,20.72,4.33,20,5.8
,,,,,,,,,,,,,,,,,,,
94,C.V. Raman Global University Odisha,2019,10.41,25.54,10.54,8.08,1.49,2.11,0.5,0.15,33.59,15,12.21,0,9.78,20.88,2.92,20,9.59
,,,,,,,,,,,,,,,,,,,
95,Hindustan Institute of Technology and Science,2019,13.02,26.6,12.83,7.51,2.5,3.82,2,0.16,23,13.02,10.32,1.49,14.94,18.24,0.05,20,6.86
,,,,,,,,,,,,,,,,,,,
96,Punjab Technical University,2019,2.7,30,18.82,24.95,12.41,12.49,0,0.05,1.2,2.44,1.82,0,4.31,18.13,0.39,20,2.02
,,,,,,,,,,,,,,,,,,,
97,Sri Krishna College of Engineering and Technology,2019,12,27.78,9.14,9.01,0.82,0.98,0,0.48,36.5,15,12.01,0,0.77,23.79,2.08,20,5.44
,,,,,,,,,,,,,,,,,,,
98,Bannari Amman Institute of Technology,2019,12.78,26.05,10.22,7.22,2.62,3.84,0,0.13,28.19,13.63,11.07,1.05,0.22,24.33,0.37,20,17.65
,,,,,,,,,,,,,,,,,,,
99,Kongu Engineering College,2019,13.36,25.69,11.63,7.5,3.47,4.57,0,0.18,25.05,13.23,9.99,0.1,0.19,24.58,0.93,20,17.38
,,,,,,,,,,,,,,,,,,,
100,Chaitanya Bharathi Institute of Technology,2019,12,28.2,12.51,8.36,0.79,0.66,0,0.72,30.33,15,11.47,0,0.7,26.1,4.21,20,4.33

